municipality_id,procedure_id,field,expected_found,expected_value,note,source_url,required_elements
nerima,jidouteate,必要書類,true,児童手当認定請求書、マイナンバーカードまたは個人番号が確認できるもの＋身元確認書類、申請者名義の口座情報が分かるもの（通帳・キャッシュカード等）。該当者のみ健康保険情報の分かるもの（3歳未満の児童を養育する共済組合員）、2人目以降の申請は額改定認定請求書、本人以外が申請する場合は委任状,必要書類が項番1〜6の表に整理されている。「額改定認定請求書（2人目以降）」は本則の認定請求書と排他の別ルート書類なのでスロットに入れず、ここに記録する,https://www.city.nerima.tokyo.jp/kosodatekyoiku/kodomo/teateiryo/jidouteate20120401.html,申請書=初めて練馬区で児童手当を申請する方は児童手当認定請求書|個人番号と身元の確認書類=マイナンバーカードまたは個人番号が確認できるものと、身元確認書類|口座の書類=申請者名義の口座情報が分かるもの（通帳、キャッシュカード等）|該当者限定・条件つきの書類=3歳未満の児童を養育している国家公務員共済または地方公務員等共済の組合員の方のみ、申請者の健康保険情報の分かるもの|代理人が申請する場合=申請を申請者本人以外の方が行う場合は委任状
nerima,jidouteate,窓口オンライン可否,true,電子申請（ぴったりサービス）・郵送・窓口のいずれかで申請できる。窓口は区役所本庁舎10階の子育て支援課児童手当係と光が丘・石神井・大泉の各総合福祉事務所、受付時間は平日午前8時30分から午後5時15分,3経路（電子・郵送・窓口）が並記されている。「区民事務所では受付できません」という否定形の但し書きは1スロット1事項の原則から入れず、ここに記録する,https://www.city.nerima.tokyo.jp/kosodatekyoiku/kodomo/teateiryo/jidouteate20120401.html,オンライン可否=児童手当の申請は電子申請（ぴったりサービス）でオンラインに申請できる|郵送の可否=郵送でも申請できる|申請先の窓口=窓口は練馬区役所本庁舎10階の子育て支援課児童手当係と、光が丘・石神井・大泉の各総合福祉事務所|来庁・受付の条件=窓口の受付時間は平日午前8時30分から午後5時15分まで
nerima,jidouteate,期限,true,出生日や転入日（前住所地の転出予定日）の翌日から15日以内に申請すればその月の分から支給。原則は申請日の翌月分からで、遡っての支給はできない,「いつまで」が締切としてではなく、支給開始月の条件として書かれている,https://www.city.nerima.tokyo.jp/kosodatekyoiku/kodomo/teateiryo/jidouteate20120401.html,期限の長さと起算点=出生日や転入日（前住所地の転出予定日）の翌日から15日以内に申請すれば、出生日や転入日の翌月分から手当が支給される|遅れた場合の扱い=手当は原則として申請日の翌月分から支給され、遡って支給することはできない
nerima,jidouteate,手数料,false,,児童手当の申請そのものの手数料はページ内に記載なし。「マイナポータルアプリ（無料）」の記載はあるがアプリの話で別。実際は無料だがサイトからは読み取れない,https://www.city.nerima.tokyo.jp/kosodatekyoiku/kodomo/teateiryo/jidouteate20120401.html,
edogawa,jidouteate,必要書類,true,児童手当認定（額改定）請求書、身元確認書類、マイナンバー（個人番号）確認書類のいずれか1つ、申請者名義の普通預金通帳またはキャッシュカード。該当者のみ養育事実の同意書（児童と別居）、監護相当・生計費の負担についての確認書（児童と兄姉等が合計3人以上）、代理人が窓口で申請する場合は委任状,身元確認書類は「区分A（顔写真付き1種類）／区分B（顔写真無し2種類）」の2段構えだが、1スロット1事項の原則から枚数条件はスロットに入れずここに記録する。監護相当・生計費の負担についての確認書も同様に落とした,https://www.city.edogawa.tokyo.jp/e049/kosodate/kosodate/teateshien/kodomoteate.html,申請書=児童手当認定（額改定）請求書|身元確認書類=マイナンバーカードや運転免許証などの身元確認書類|個人番号確認書類=マイナンバーカード、マイナンバー通知カード、マイナンバーの記載のある住民票の写しのいずれか1つ|口座の書類=申請者名義の普通預金通帳またはキャッシュカード|該当者限定・条件つきの書類=単身赴任などで児童と別居している方は養育事実の同意書|代理人が申請する場合=代理人が窓口で申請する場合は委任状
edogawa,jidouteate,窓口オンライン可否,true,電子（マイナポータル）・郵送・窓口のいずれかで申請できる。窓口は本庁舎東棟2階4番の児童家庭課窓口のみで各事務所では受け付けていない。申請は生計中心者（児童の父または母で所得が高い方）が行う,3経路が表で並記されている。電子申請は「ログイン・電子署名必須」という条件つき,https://www.city.edogawa.tokyo.jp/e049/kosodate/kosodate/teateshien/kodomoteate.html,オンライン可否=マイナポータルを利用した電子申請でオンラインに申請できる|郵送の可否=郵送でも申請できる|申請先の窓口=窓口は本庁舎東棟2階4番の児童家庭課窓口のみで、各事務所では受け付けていない|来庁・受付の条件=申請は生計中心者（児童の父または母で所得が高い方）が行う
edogawa,jidouteate,期限,true,月の後半に出生または転入した場合は、その日の翌日から数えて15日以内に申請すれば出生等の月に申請があったものとみなされる（15日特例）。申請日の翌月が支給開始月で、遅れてもさかのぼって支給されない,15日特例の適用条件が「月の後半に出生または転入した場合」に限定して書かれている,https://www.city.edogawa.tokyo.jp/e049/kosodate/kosodate/teateshien/kodomoteate.html,期限の長さと起算点=月の後半に出生または転入した場合は、その日の翌日から数えて15日以内に申請すれば、出生等の月に申請があったものとみなされる|遅れた場合の扱い=申請日の翌月が手当の支給開始月で、申請が遅れてもさかのぼって支給されない
edogawa,jidouteate,手数料,false,,手数料の記載はページ内に一切なし。実際は無料だがサイトからは読み取れない,https://www.city.edogawa.tokyo.jp/e049/kosodate/kosodate/teateshien/kodomoteate.html,
#hachioji,jidouteate,,,,児童手当の本文は八王子市子育て応援サイト（外部ドメイン）へ移設済みで、市サイト側に残るのはリンク一覧のみ。同一ホスト制限でクロール対象外のためキャッシュに原典が無く、正解データを作れなかった,https://www.city.hachioji.tokyo.jp/tantoumadoguchi/015/004/p029000.html,
