measured_on,exported_on,recorded_on,lg_code,municipality,procedure_id,procedure,field,points,readable,total,hops,recording_status
,2026-08-11,2026-08-17,131016,千代田区,jidouteate,児童手当の申請,オンライン明示,0,0,0,3,legacy_unknown
,2026-08-11,2026-08-17,131016,千代田区,jidouteate,児童手当の申請,必要書類,0,0,0,3,legacy_unknown
,2026-08-11,2026-08-17,131016,千代田区,jidouteate,児童手当の申請,手数料,0,0,0,3,legacy_unknown
,2026-08-11,2026-08-17,131016,千代田区,jidouteate,児童手当の申請,期限,0,0,0,3,legacy_unknown
,2026-08-11,2026-08-17,131016,千代田区,jidouteate,児童手当の申請,窓口/オンライン可否,0,0,0,3,legacy_unknown
,2026-08-11,2026-08-17,131016,千代田区,sodaigomi,粗大ごみ収集の申込,オンライン明示,20,1,60,2,legacy_unknown
,2026-08-11,2026-08-17,131016,千代田区,sodaigomi,粗大ごみ収集の申込,必要書類,0,0,60,2,legacy_unknown
,2026-08-11,2026-08-17,131016,千代田区,sodaigomi,粗大ごみ収集の申込,手数料,20,1,60,2,legacy_unknown
,2026-08-11,2026-08-17,131016,千代田区,sodaigomi,粗大ごみ収集の申込,期限,0,0,60,2,legacy_unknown
,2026-08-11,2026-08-17,131016,千代田区,sodaigomi,粗大ごみ収集の申込,窓口/オンライン可否,20,1,60,2,legacy_unknown
,2026-08-11,2026-08-17,131016,千代田区,tennyu,転入届,オンライン明示,20,1,80,2,legacy_unknown
,2026-08-11,2026-08-17,131016,千代田区,tennyu,転入届,必要書類,20,1,80,2,legacy_unknown
,2026-08-11,2026-08-17,131016,千代田区,tennyu,転入届,手数料,0,0,80,2,legacy_unknown
,2026-08-11,2026-08-17,131016,千代田区,tennyu,転入届,期限,20,1,80,2,legacy_unknown
,2026-08-11,2026-08-17,131016,千代田区,tennyu,転入届,窓口/オンライン可否,20,1,80,2,legacy_unknown
,2026-08-11,2026-08-17,131024,中央区,jidouteate,児童手当の申請,オンライン明示,20,1,80,2,legacy_unknown
,2026-08-11,2026-08-17,131024,中央区,jidouteate,児童手当の申請,必要書類,20,1,80,2,legacy_unknown
,2026-08-11,2026-08-17,131024,中央区,jidouteate,児童手当の申請,手数料,0,0,80,2,legacy_unknown
,2026-08-11,2026-08-17,131024,中央区,jidouteate,児童手当の申請,期限,20,1,80,2,legacy_unknown
,2026-08-11,2026-08-17,131024,中央区,jidouteate,児童手当の申請,窓口/オンライン可否,20,1,80,2,legacy_unknown
,2026-08-11,2026-08-17,131024,中央区,sodaigomi,粗大ごみ収集の申込,オンライン明示,0,0,0,1,legacy_unknown
,2026-08-11,2026-08-17,131024,中央区,sodaigomi,粗大ごみ収集の申込,必要書類,0,0,0,1,legacy_unknown
,2026-08-11,2026-08-17,131024,中央区,sodaigomi,粗大ごみ収集の申込,手数料,0,0,0,1,legacy_unknown
,2026-08-11,2026-08-17,131024,中央区,sodaigomi,粗大ごみ収集の申込,期限,0,0,0,1,legacy_unknown
,2026-08-11,2026-08-17,131024,中央区,sodaigomi,粗大ごみ収集の申込,窓口/オンライン可否,0,0,0,1,legacy_unknown
,2026-08-11,2026-08-17,131024,中央区,tennyu,転入届,オンライン明示,0,0,0,2,legacy_unknown
,2026-08-11,2026-08-17,131024,中央区,tennyu,転入届,必要書類,0,0,0,2,legacy_unknown
,2026-08-11,2026-08-17,131024,中央区,tennyu,転入届,手数料,0,0,0,2,legacy_unknown
,2026-08-11,2026-08-17,131024,中央区,tennyu,転入届,期限,0,0,0,2,legacy_unknown
,2026-08-11,2026-08-17,131024,中央区,tennyu,転入届,窓口/オンライン可否,0,0,0,2,legacy_unknown
,2026-08-11,2026-08-17,131032,港区,jidouteate,児童手当の申請,オンライン明示,20,1,80,3,legacy_unknown
,2026-08-11,2026-08-17,131032,港区,jidouteate,児童手当の申請,必要書類,20,1,80,3,legacy_unknown
,2026-08-11,2026-08-17,131032,港区,jidouteate,児童手当の申請,手数料,0,0,80,3,legacy_unknown
,2026-08-11,2026-08-17,131032,港区,jidouteate,児童手当の申請,期限,20,1,80,3,legacy_unknown
,2026-08-11,2026-08-17,131032,港区,jidouteate,児童手当の申請,窓口/オンライン可否,20,1,80,3,legacy_unknown
,2026-08-11,2026-08-17,131032,港区,sodaigomi,粗大ごみ収集の申込,オンライン明示,20,1,60,2,legacy_unknown
,2026-08-11,2026-08-17,131032,港区,sodaigomi,粗大ごみ収集の申込,必要書類,0,0,60,2,legacy_unknown
,2026-08-11,2026-08-17,131032,港区,sodaigomi,粗大ごみ収集の申込,手数料,20,1,60,2,legacy_unknown
,2026-08-11,2026-08-17,131032,港区,sodaigomi,粗大ごみ収集の申込,期限,0,0,60,2,legacy_unknown
,2026-08-11,2026-08-17,131032,港区,sodaigomi,粗大ごみ収集の申込,窓口/オンライン可否,20,1,60,2,legacy_unknown
,2026-08-11,2026-08-17,131032,港区,tennyu,転入届,オンライン明示,20,1,100,3,legacy_unknown
,2026-08-11,2026-08-17,131032,港区,tennyu,転入届,必要書類,20,1,100,3,legacy_unknown
,2026-08-11,2026-08-17,131032,港区,tennyu,転入届,手数料,20,1,100,3,legacy_unknown
,2026-08-11,2026-08-17,131032,港区,tennyu,転入届,期限,20,1,100,3,legacy_unknown
,2026-08-11,2026-08-17,131032,港区,tennyu,転入届,窓口/オンライン可否,20,1,100,3,legacy_unknown
,2026-08-11,2026-08-17,131041,新宿区,jidouteate,児童手当の申請,オンライン明示,0,0,0,3,legacy_unknown
,2026-08-11,2026-08-17,131041,新宿区,jidouteate,児童手当の申請,必要書類,0,0,0,3,legacy_unknown
,2026-08-11,2026-08-17,131041,新宿区,jidouteate,児童手当の申請,手数料,0,0,0,3,legacy_unknown
,2026-08-11,2026-08-17,131041,新宿区,jidouteate,児童手当の申請,期限,0,0,0,3,legacy_unknown
,2026-08-11,2026-08-17,131041,新宿区,jidouteate,児童手当の申請,窓口/オンライン可否,0,0,0,3,legacy_unknown
,2026-08-11,2026-08-17,131041,新宿区,sodaigomi,粗大ごみ収集の申込,オンライン明示,20,1,40,2,legacy_unknown
,2026-08-11,2026-08-17,131041,新宿区,sodaigomi,粗大ごみ収集の申込,必要書類,0,0,40,2,legacy_unknown
,2026-08-11,2026-08-17,131041,新宿区,sodaigomi,粗大ごみ収集の申込,手数料,0,0,40,2,legacy_unknown
,2026-08-11,2026-08-17,131041,新宿区,sodaigomi,粗大ごみ収集の申込,期限,0,0,40,2,legacy_unknown
,2026-08-11,2026-08-17,131041,新宿区,sodaigomi,粗大ごみ収集の申込,窓口/オンライン可否,20,1,40,2,legacy_unknown
,2026-08-11,2026-08-17,131041,新宿区,tennyu,転入届,オンライン明示,20,1,40,2,legacy_unknown
,2026-08-11,2026-08-17,131041,新宿区,tennyu,転入届,必要書類,0,0,40,2,legacy_unknown
,2026-08-11,2026-08-17,131041,新宿区,tennyu,転入届,手数料,0,0,40,2,legacy_unknown
,2026-08-11,2026-08-17,131041,新宿区,tennyu,転入届,期限,0,0,40,2,legacy_unknown
,2026-08-11,2026-08-17,131041,新宿区,tennyu,転入届,窓口/オンライン可否,20,1,40,2,legacy_unknown
,2026-08-11,2026-08-17,131059,文京区,jidouteate,児童手当の申請,オンライン明示,20,1,40,2,legacy_unknown
,2026-08-11,2026-08-17,131059,文京区,jidouteate,児童手当の申請,必要書類,0,0,40,2,legacy_unknown
,2026-08-11,2026-08-17,131059,文京区,jidouteate,児童手当の申請,手数料,0,0,40,2,legacy_unknown
,2026-08-11,2026-08-17,131059,文京区,jidouteate,児童手当の申請,期限,0,0,40,2,legacy_unknown
,2026-08-11,2026-08-17,131059,文京区,jidouteate,児童手当の申請,窓口/オンライン可否,20,1,40,2,legacy_unknown
,2026-08-11,2026-08-17,131059,文京区,sodaigomi,粗大ごみ収集の申込,オンライン明示,20,1,60,2,legacy_unknown
,2026-08-11,2026-08-17,131059,文京区,sodaigomi,粗大ごみ収集の申込,必要書類,0,0,60,2,legacy_unknown
,2026-08-11,2026-08-17,131059,文京区,sodaigomi,粗大ごみ収集の申込,手数料,20,1,60,2,legacy_unknown
,2026-08-11,2026-08-17,131059,文京区,sodaigomi,粗大ごみ収集の申込,期限,0,0,60,2,legacy_unknown
,2026-08-11,2026-08-17,131059,文京区,sodaigomi,粗大ごみ収集の申込,窓口/オンライン可否,20,1,60,2,legacy_unknown
,2026-08-11,2026-08-17,131059,文京区,tennyu,転入届,オンライン明示,20,1,80,3,legacy_unknown
,2026-08-11,2026-08-17,131059,文京区,tennyu,転入届,必要書類,20,1,80,3,legacy_unknown
,2026-08-11,2026-08-17,131059,文京区,tennyu,転入届,手数料,0,0,80,3,legacy_unknown
,2026-08-11,2026-08-17,131059,文京区,tennyu,転入届,期限,20,1,80,3,legacy_unknown
,2026-08-11,2026-08-17,131059,文京区,tennyu,転入届,窓口/オンライン可否,20,1,80,3,legacy_unknown
,2026-08-11,2026-08-17,131067,台東区,jidouteate,児童手当の申請,オンライン明示,0,0,0,1,legacy_unknown
,2026-08-11,2026-08-17,131067,台東区,jidouteate,児童手当の申請,必要書類,0,0,0,1,legacy_unknown
,2026-08-11,2026-08-17,131067,台東区,jidouteate,児童手当の申請,手数料,0,0,0,1,legacy_unknown
,2026-08-11,2026-08-17,131067,台東区,jidouteate,児童手当の申請,期限,0,0,0,1,legacy_unknown
,2026-08-11,2026-08-17,131067,台東区,jidouteate,児童手当の申請,窓口/オンライン可否,0,0,0,1,legacy_unknown
,2026-08-11,2026-08-17,131067,台東区,sodaigomi,粗大ごみ収集の申込,オンライン明示,20,1,40,1,legacy_unknown
,2026-08-11,2026-08-17,131067,台東区,sodaigomi,粗大ごみ収集の申込,必要書類,0,0,40,1,legacy_unknown
,2026-08-11,2026-08-17,131067,台東区,sodaigomi,粗大ごみ収集の申込,手数料,0,0,40,1,legacy_unknown
,2026-08-11,2026-08-17,131067,台東区,sodaigomi,粗大ごみ収集の申込,期限,0,0,40,1,legacy_unknown
,2026-08-11,2026-08-17,131067,台東区,sodaigomi,粗大ごみ収集の申込,窓口/オンライン可否,20,1,40,1,legacy_unknown
,2026-08-11,2026-08-17,131067,台東区,tennyu,転入届,オンライン明示,20,1,80,2,legacy_unknown
,2026-08-11,2026-08-17,131067,台東区,tennyu,転入届,必要書類,20,1,80,2,legacy_unknown
,2026-08-11,2026-08-17,131067,台東区,tennyu,転入届,手数料,0,0,80,2,legacy_unknown
,2026-08-11,2026-08-17,131067,台東区,tennyu,転入届,期限,20,1,80,2,legacy_unknown
,2026-08-11,2026-08-17,131067,台東区,tennyu,転入届,窓口/オンライン可否,20,1,80,2,legacy_unknown
,2026-08-11,2026-08-17,131075,墨田区,jidouteate,児童手当の申請,オンライン明示,0,0,0,3,legacy_unknown
,2026-08-11,2026-08-17,131075,墨田区,jidouteate,児童手当の申請,必要書類,0,0,0,3,legacy_unknown
,2026-08-11,2026-08-17,131075,墨田区,jidouteate,児童手当の申請,手数料,0,0,0,3,legacy_unknown
,2026-08-11,2026-08-17,131075,墨田区,jidouteate,児童手当の申請,期限,0,0,0,3,legacy_unknown
,2026-08-11,2026-08-17,131075,墨田区,jidouteate,児童手当の申請,窓口/オンライン可否,0,0,0,3,legacy_unknown
,2026-08-11,2026-08-17,131075,墨田区,sodaigomi,粗大ごみ収集の申込,オンライン明示,20,1,40,1,legacy_unknown
,2026-08-11,2026-08-17,131075,墨田区,sodaigomi,粗大ごみ収集の申込,必要書類,0,0,40,1,legacy_unknown
,2026-08-11,2026-08-17,131075,墨田区,sodaigomi,粗大ごみ収集の申込,手数料,0,0,40,1,legacy_unknown
,2026-08-11,2026-08-17,131075,墨田区,sodaigomi,粗大ごみ収集の申込,期限,0,0,40,1,legacy_unknown
,2026-08-11,2026-08-17,131075,墨田区,sodaigomi,粗大ごみ収集の申込,窓口/オンライン可否,20,1,40,1,legacy_unknown
,2026-08-11,2026-08-17,131075,墨田区,tennyu,転入届,オンライン明示,0,0,0,2,legacy_unknown
,2026-08-11,2026-08-17,131075,墨田区,tennyu,転入届,必要書類,0,0,0,2,legacy_unknown
,2026-08-11,2026-08-17,131075,墨田区,tennyu,転入届,手数料,0,0,0,2,legacy_unknown
,2026-08-11,2026-08-17,131075,墨田区,tennyu,転入届,期限,0,0,0,2,legacy_unknown
,2026-08-11,2026-08-17,131075,墨田区,tennyu,転入届,窓口/オンライン可否,0,0,0,2,legacy_unknown
,2026-08-11,2026-08-17,131083,江東区,jidouteate,児童手当の申請,オンライン明示,20,1,80,3,legacy_unknown
,2026-08-11,2026-08-17,131083,江東区,jidouteate,児童手当の申請,必要書類,20,1,80,3,legacy_unknown
,2026-08-11,2026-08-17,131083,江東区,jidouteate,児童手当の申請,手数料,0,0,80,3,legacy_unknown
,2026-08-11,2026-08-17,131083,江東区,jidouteate,児童手当の申請,期限,20,1,80,3,legacy_unknown
,2026-08-11,2026-08-17,131083,江東区,jidouteate,児童手当の申請,窓口/オンライン可否,20,1,80,3,legacy_unknown
,2026-08-11,2026-08-17,131083,江東区,sodaigomi,粗大ごみ収集の申込,オンライン明示,20,1,60,2,legacy_unknown
,2026-08-11,2026-08-17,131083,江東区,sodaigomi,粗大ごみ収集の申込,必要書類,0,0,60,2,legacy_unknown
,2026-08-11,2026-08-17,131083,江東区,sodaigomi,粗大ごみ収集の申込,手数料,20,1,60,2,legacy_unknown
,2026-08-11,2026-08-17,131083,江東区,sodaigomi,粗大ごみ収集の申込,期限,0,0,60,2,legacy_unknown
,2026-08-11,2026-08-17,131083,江東区,sodaigomi,粗大ごみ収集の申込,窓口/オンライン可否,20,1,60,2,legacy_unknown
,2026-08-11,2026-08-17,131083,江東区,tennyu,転入届,オンライン明示,0,0,60,3,legacy_unknown
,2026-08-11,2026-08-17,131083,江東区,tennyu,転入届,必要書類,20,1,60,3,legacy_unknown
,2026-08-11,2026-08-17,131083,江東区,tennyu,転入届,手数料,0,0,60,3,legacy_unknown
,2026-08-11,2026-08-17,131083,江東区,tennyu,転入届,期限,20,1,60,3,legacy_unknown
,2026-08-11,2026-08-17,131083,江東区,tennyu,転入届,窓口/オンライン可否,20,1,60,3,legacy_unknown
,2026-08-11,2026-08-17,131091,品川区,jidouteate,児童手当の申請,オンライン明示,20,1,80,2,legacy_unknown
,2026-08-11,2026-08-17,131091,品川区,jidouteate,児童手当の申請,必要書類,20,1,80,2,legacy_unknown
,2026-08-11,2026-08-17,131091,品川区,jidouteate,児童手当の申請,手数料,0,0,80,2,legacy_unknown
,2026-08-11,2026-08-17,131091,品川区,jidouteate,児童手当の申請,期限,20,1,80,2,legacy_unknown
,2026-08-11,2026-08-17,131091,品川区,jidouteate,児童手当の申請,窓口/オンライン可否,20,1,80,2,legacy_unknown
,2026-08-11,2026-08-17,131091,品川区,sodaigomi,粗大ごみ収集の申込,オンライン明示,20,1,60,1,legacy_unknown
,2026-08-11,2026-08-17,131091,品川区,sodaigomi,粗大ごみ収集の申込,必要書類,20,1,60,1,legacy_unknown
,2026-08-11,2026-08-17,131091,品川区,sodaigomi,粗大ごみ収集の申込,手数料,0,0,60,1,legacy_unknown
,2026-08-11,2026-08-17,131091,品川区,sodaigomi,粗大ごみ収集の申込,期限,0,0,60,1,legacy_unknown
,2026-08-11,2026-08-17,131091,品川区,sodaigomi,粗大ごみ収集の申込,窓口/オンライン可否,20,1,60,1,legacy_unknown
,2026-08-11,2026-08-17,131091,品川区,tennyu,転入届,オンライン明示,0,0,60,3,legacy_unknown
,2026-08-11,2026-08-17,131091,品川区,tennyu,転入届,必要書類,20,1,60,3,legacy_unknown
,2026-08-11,2026-08-17,131091,品川区,tennyu,転入届,手数料,0,0,60,3,legacy_unknown
,2026-08-11,2026-08-17,131091,品川区,tennyu,転入届,期限,20,1,60,3,legacy_unknown
,2026-08-11,2026-08-17,131091,品川区,tennyu,転入届,窓口/オンライン可否,20,1,60,3,legacy_unknown
,2026-08-11,2026-08-17,131105,目黒区,jidouteate,児童手当の申請,オンライン明示,0,0,0,2,legacy_unknown
,2026-08-11,2026-08-17,131105,目黒区,jidouteate,児童手当の申請,必要書類,0,0,0,2,legacy_unknown
,2026-08-11,2026-08-17,131105,目黒区,jidouteate,児童手当の申請,手数料,0,0,0,2,legacy_unknown
,2026-08-11,2026-08-17,131105,目黒区,jidouteate,児童手当の申請,期限,0,0,0,2,legacy_unknown
,2026-08-11,2026-08-17,131105,目黒区,jidouteate,児童手当の申請,窓口/オンライン可否,0,0,0,2,legacy_unknown
,2026-08-11,2026-08-17,131105,目黒区,sodaigomi,粗大ごみ収集の申込,オンライン明示,20,1,40,3,legacy_unknown
,2026-08-11,2026-08-17,131105,目黒区,sodaigomi,粗大ごみ収集の申込,必要書類,0,0,40,3,legacy_unknown
,2026-08-11,2026-08-17,131105,目黒区,sodaigomi,粗大ごみ収集の申込,手数料,0,0,40,3,legacy_unknown
,2026-08-11,2026-08-17,131105,目黒区,sodaigomi,粗大ごみ収集の申込,期限,0,0,40,3,legacy_unknown
,2026-08-11,2026-08-17,131105,目黒区,sodaigomi,粗大ごみ収集の申込,窓口/オンライン可否,20,1,40,3,legacy_unknown
,2026-08-11,2026-08-17,131105,目黒区,tennyu,転入届,オンライン明示,0,0,60,3,legacy_unknown
,2026-08-11,2026-08-17,131105,目黒区,tennyu,転入届,必要書類,20,1,60,3,legacy_unknown
,2026-08-11,2026-08-17,131105,目黒区,tennyu,転入届,手数料,0,0,60,3,legacy_unknown
,2026-08-11,2026-08-17,131105,目黒区,tennyu,転入届,期限,20,1,60,3,legacy_unknown
,2026-08-11,2026-08-17,131105,目黒区,tennyu,転入届,窓口/オンライン可否,20,1,60,3,legacy_unknown
,2026-08-11,2026-08-17,131113,大田区,jidouteate,児童手当の申請,オンライン明示,20,1,80,3,legacy_unknown
,2026-08-11,2026-08-17,131113,大田区,jidouteate,児童手当の申請,必要書類,20,1,80,3,legacy_unknown
,2026-08-11,2026-08-17,131113,大田区,jidouteate,児童手当の申請,手数料,0,0,80,3,legacy_unknown
,2026-08-11,2026-08-17,131113,大田区,jidouteate,児童手当の申請,期限,20,1,80,3,legacy_unknown
,2026-08-11,2026-08-17,131113,大田区,jidouteate,児童手当の申請,窓口/オンライン可否,20,1,80,3,legacy_unknown
,2026-08-11,2026-08-17,131113,大田区,sodaigomi,粗大ごみ収集の申込,オンライン明示,20,1,40,1,legacy_unknown
,2026-08-11,2026-08-17,131113,大田区,sodaigomi,粗大ごみ収集の申込,必要書類,0,0,40,1,legacy_unknown
,2026-08-11,2026-08-17,131113,大田区,sodaigomi,粗大ごみ収集の申込,手数料,0,0,40,1,legacy_unknown
,2026-08-11,2026-08-17,131113,大田区,sodaigomi,粗大ごみ収集の申込,期限,0,0,40,1,legacy_unknown
,2026-08-11,2026-08-17,131113,大田区,sodaigomi,粗大ごみ収集の申込,窓口/オンライン可否,20,1,40,1,legacy_unknown
,2026-08-11,2026-08-17,131113,大田区,tennyu,転入届,オンライン明示,0,0,60,3,legacy_unknown
,2026-08-11,2026-08-17,131113,大田区,tennyu,転入届,必要書類,20,1,60,3,legacy_unknown
,2026-08-11,2026-08-17,131113,大田区,tennyu,転入届,手数料,0,0,60,3,legacy_unknown
,2026-08-11,2026-08-17,131113,大田区,tennyu,転入届,期限,20,1,60,3,legacy_unknown
,2026-08-11,2026-08-17,131113,大田区,tennyu,転入届,窓口/オンライン可否,20,1,60,3,legacy_unknown
,2026-08-11,2026-08-17,131121,世田谷区,jidouteate,児童手当の申請,オンライン明示,0,0,0,3,legacy_unknown
,2026-08-11,2026-08-17,131121,世田谷区,jidouteate,児童手当の申請,必要書類,0,0,0,3,legacy_unknown
,2026-08-11,2026-08-17,131121,世田谷区,jidouteate,児童手当の申請,手数料,0,0,0,3,legacy_unknown
,2026-08-11,2026-08-17,131121,世田谷区,jidouteate,児童手当の申請,期限,0,0,0,3,legacy_unknown
,2026-08-11,2026-08-17,131121,世田谷区,jidouteate,児童手当の申請,窓口/オンライン可否,0,0,0,3,legacy_unknown
,2026-08-11,2026-08-17,131121,世田谷区,sodaigomi,粗大ごみ収集の申込,オンライン明示,0,0,0,1,legacy_unknown
,2026-08-11,2026-08-17,131121,世田谷区,sodaigomi,粗大ごみ収集の申込,必要書類,0,0,0,1,legacy_unknown
,2026-08-11,2026-08-17,131121,世田谷区,sodaigomi,粗大ごみ収集の申込,手数料,0,0,0,1,legacy_unknown
,2026-08-11,2026-08-17,131121,世田谷区,sodaigomi,粗大ごみ収集の申込,期限,0,0,0,1,legacy_unknown
,2026-08-11,2026-08-17,131121,世田谷区,sodaigomi,粗大ごみ収集の申込,窓口/オンライン可否,0,0,0,1,legacy_unknown
,2026-08-11,2026-08-17,131121,世田谷区,tennyu,転入届,オンライン明示,0,0,0,1,legacy_unknown
,2026-08-11,2026-08-17,131121,世田谷区,tennyu,転入届,必要書類,0,0,0,1,legacy_unknown
,2026-08-11,2026-08-17,131121,世田谷区,tennyu,転入届,手数料,0,0,0,1,legacy_unknown
,2026-08-11,2026-08-17,131121,世田谷区,tennyu,転入届,期限,0,0,0,1,legacy_unknown
,2026-08-11,2026-08-17,131121,世田谷区,tennyu,転入届,窓口/オンライン可否,0,0,0,1,legacy_unknown
,2026-08-11,2026-08-17,131130,渋谷区,jidouteate,児童手当の申請,オンライン明示,20,1,80,2,legacy_unknown
,2026-08-11,2026-08-17,131130,渋谷区,jidouteate,児童手当の申請,必要書類,20,1,80,2,legacy_unknown
,2026-08-11,2026-08-17,131130,渋谷区,jidouteate,児童手当の申請,手数料,0,0,80,2,legacy_unknown
,2026-08-11,2026-08-17,131130,渋谷区,jidouteate,児童手当の申請,期限,20,1,80,2,legacy_unknown
,2026-08-11,2026-08-17,131130,渋谷区,jidouteate,児童手当の申請,窓口/オンライン可否,20,1,80,2,legacy_unknown
,2026-08-11,2026-08-17,131130,渋谷区,sodaigomi,粗大ごみ収集の申込,オンライン明示,20,1,60,1,legacy_unknown
,2026-08-11,2026-08-17,131130,渋谷区,sodaigomi,粗大ごみ収集の申込,必要書類,0,0,60,1,legacy_unknown
,2026-08-11,2026-08-17,131130,渋谷区,sodaigomi,粗大ごみ収集の申込,手数料,20,1,60,1,legacy_unknown
,2026-08-11,2026-08-17,131130,渋谷区,sodaigomi,粗大ごみ収集の申込,期限,0,0,60,1,legacy_unknown
,2026-08-11,2026-08-17,131130,渋谷区,sodaigomi,粗大ごみ収集の申込,窓口/オンライン可否,20,1,60,1,legacy_unknown
,2026-08-11,2026-08-17,131130,渋谷区,tennyu,転入届,オンライン明示,20,1,80,2,legacy_unknown
,2026-08-11,2026-08-17,131130,渋谷区,tennyu,転入届,必要書類,20,1,80,2,legacy_unknown
,2026-08-11,2026-08-17,131130,渋谷区,tennyu,転入届,手数料,0,0,80,2,legacy_unknown
,2026-08-11,2026-08-17,131130,渋谷区,tennyu,転入届,期限,20,1,80,2,legacy_unknown
,2026-08-11,2026-08-17,131130,渋谷区,tennyu,転入届,窓口/オンライン可否,20,1,80,2,legacy_unknown
,2026-08-11,2026-08-17,131148,中野区,jidouteate,児童手当の申請,オンライン明示,20,1,80,2,legacy_unknown
,2026-08-11,2026-08-17,131148,中野区,jidouteate,児童手当の申請,必要書類,20,1,80,2,legacy_unknown
,2026-08-11,2026-08-17,131148,中野区,jidouteate,児童手当の申請,手数料,0,0,80,2,legacy_unknown
,2026-08-11,2026-08-17,131148,中野区,jidouteate,児童手当の申請,期限,20,1,80,2,legacy_unknown
,2026-08-11,2026-08-17,131148,中野区,jidouteate,児童手当の申請,窓口/オンライン可否,20,1,80,2,legacy_unknown
,2026-08-11,2026-08-17,131148,中野区,sodaigomi,粗大ごみ収集の申込,オンライン明示,10,0,50,2,legacy_unknown
,2026-08-11,2026-08-17,131148,中野区,sodaigomi,粗大ごみ収集の申込,必要書類,0,0,50,2,legacy_unknown
,2026-08-11,2026-08-17,131148,中野区,sodaigomi,粗大ごみ収集の申込,手数料,20,1,50,2,legacy_unknown
,2026-08-11,2026-08-17,131148,中野区,sodaigomi,粗大ごみ収集の申込,期限,0,0,50,2,legacy_unknown
,2026-08-11,2026-08-17,131148,中野区,sodaigomi,粗大ごみ収集の申込,窓口/オンライン可否,20,1,50,2,legacy_unknown
,2026-08-11,2026-08-17,131148,中野区,tennyu,転入届,オンライン明示,10,0,70,2,legacy_unknown
,2026-08-11,2026-08-17,131148,中野区,tennyu,転入届,必要書類,20,1,70,2,legacy_unknown
,2026-08-11,2026-08-17,131148,中野区,tennyu,転入届,手数料,0,0,70,2,legacy_unknown
,2026-08-11,2026-08-17,131148,中野区,tennyu,転入届,期限,20,1,70,2,legacy_unknown
,2026-08-11,2026-08-17,131148,中野区,tennyu,転入届,窓口/オンライン可否,20,1,70,2,legacy_unknown
,2026-08-11,2026-08-17,131156,杉並区,jidouteate,児童手当の申請,オンライン明示,20,1,80,3,legacy_unknown
,2026-08-11,2026-08-17,131156,杉並区,jidouteate,児童手当の申請,必要書類,20,1,80,3,legacy_unknown
,2026-08-11,2026-08-17,131156,杉並区,jidouteate,児童手当の申請,手数料,0,0,80,3,legacy_unknown
,2026-08-11,2026-08-17,131156,杉並区,jidouteate,児童手当の申請,期限,20,1,80,3,legacy_unknown
,2026-08-11,2026-08-17,131156,杉並区,jidouteate,児童手当の申請,窓口/オンライン可否,20,1,80,3,legacy_unknown
,2026-08-11,2026-08-17,131156,杉並区,sodaigomi,粗大ごみ収集の申込,オンライン明示,20,1,40,1,legacy_unknown
,2026-08-11,2026-08-17,131156,杉並区,sodaigomi,粗大ごみ収集の申込,必要書類,0,0,40,1,legacy_unknown
,2026-08-11,2026-08-17,131156,杉並区,sodaigomi,粗大ごみ収集の申込,手数料,0,0,40,1,legacy_unknown
,2026-08-11,2026-08-17,131156,杉並区,sodaigomi,粗大ごみ収集の申込,期限,0,0,40,1,legacy_unknown
,2026-08-11,2026-08-17,131156,杉並区,sodaigomi,粗大ごみ収集の申込,窓口/オンライン可否,20,1,40,1,legacy_unknown
,2026-08-11,2026-08-17,131156,杉並区,tennyu,転入届,オンライン明示,20,1,80,3,legacy_unknown
,2026-08-11,2026-08-17,131156,杉並区,tennyu,転入届,必要書類,20,1,80,3,legacy_unknown
,2026-08-11,2026-08-17,131156,杉並区,tennyu,転入届,手数料,0,0,80,3,legacy_unknown
,2026-08-11,2026-08-17,131156,杉並区,tennyu,転入届,期限,20,1,80,3,legacy_unknown
,2026-08-11,2026-08-17,131156,杉並区,tennyu,転入届,窓口/オンライン可否,20,1,80,3,legacy_unknown
,2026-08-11,2026-08-17,131164,豊島区,jidouteate,児童手当の申請,オンライン明示,0,0,0,2,legacy_unknown
,2026-08-11,2026-08-17,131164,豊島区,jidouteate,児童手当の申請,必要書類,0,0,0,2,legacy_unknown
,2026-08-11,2026-08-17,131164,豊島区,jidouteate,児童手当の申請,手数料,0,0,0,2,legacy_unknown
,2026-08-11,2026-08-17,131164,豊島区,jidouteate,児童手当の申請,期限,0,0,0,2,legacy_unknown
,2026-08-11,2026-08-17,131164,豊島区,jidouteate,児童手当の申請,窓口/オンライン可否,0,0,0,2,legacy_unknown
,2026-08-11,2026-08-17,131164,豊島区,sodaigomi,粗大ごみ収集の申込,オンライン明示,20,1,60,2,legacy_unknown
,2026-08-11,2026-08-17,131164,豊島区,sodaigomi,粗大ごみ収集の申込,必要書類,0,0,60,2,legacy_unknown
,2026-08-11,2026-08-17,131164,豊島区,sodaigomi,粗大ごみ収集の申込,手数料,20,1,60,2,legacy_unknown
,2026-08-11,2026-08-17,131164,豊島区,sodaigomi,粗大ごみ収集の申込,期限,0,0,60,2,legacy_unknown
,2026-08-11,2026-08-17,131164,豊島区,sodaigomi,粗大ごみ収集の申込,窓口/オンライン可否,20,1,60,2,legacy_unknown
,2026-08-11,2026-08-17,131164,豊島区,tennyu,転入届,オンライン明示,20,1,80,2,legacy_unknown
,2026-08-11,2026-08-17,131164,豊島区,tennyu,転入届,必要書類,20,1,80,2,legacy_unknown
,2026-08-11,2026-08-17,131164,豊島区,tennyu,転入届,手数料,0,0,80,2,legacy_unknown
,2026-08-11,2026-08-17,131164,豊島区,tennyu,転入届,期限,20,1,80,2,legacy_unknown
,2026-08-11,2026-08-17,131164,豊島区,tennyu,転入届,窓口/オンライン可否,20,1,80,2,legacy_unknown
,2026-08-11,2026-08-17,131172,北区,jidouteate,児童手当の申請,オンライン明示,0,0,0,2,legacy_unknown
,2026-08-11,2026-08-17,131172,北区,jidouteate,児童手当の申請,必要書類,0,0,0,2,legacy_unknown
,2026-08-11,2026-08-17,131172,北区,jidouteate,児童手当の申請,手数料,0,0,0,2,legacy_unknown
,2026-08-11,2026-08-17,131172,北区,jidouteate,児童手当の申請,期限,0,0,0,2,legacy_unknown
,2026-08-11,2026-08-17,131172,北区,jidouteate,児童手当の申請,窓口/オンライン可否,0,0,0,2,legacy_unknown
,2026-08-11,2026-08-17,131172,北区,sodaigomi,粗大ごみ収集の申込,オンライン明示,0,0,0,2,legacy_unknown
,2026-08-11,2026-08-17,131172,北区,sodaigomi,粗大ごみ収集の申込,必要書類,0,0,0,2,legacy_unknown
,2026-08-11,2026-08-17,131172,北区,sodaigomi,粗大ごみ収集の申込,手数料,0,0,0,2,legacy_unknown
,2026-08-11,2026-08-17,131172,北区,sodaigomi,粗大ごみ収集の申込,期限,0,0,0,2,legacy_unknown
,2026-08-11,2026-08-17,131172,北区,sodaigomi,粗大ごみ収集の申込,窓口/オンライン可否,0,0,0,2,legacy_unknown
,2026-08-11,2026-08-17,131172,北区,tennyu,転入届,オンライン明示,0,0,60,2,legacy_unknown
,2026-08-11,2026-08-17,131172,北区,tennyu,転入届,必要書類,20,1,60,2,legacy_unknown
,2026-08-11,2026-08-17,131172,北区,tennyu,転入届,手数料,0,0,60,2,legacy_unknown
,2026-08-11,2026-08-17,131172,北区,tennyu,転入届,期限,20,1,60,2,legacy_unknown
,2026-08-11,2026-08-17,131172,北区,tennyu,転入届,窓口/オンライン可否,20,1,60,2,legacy_unknown
,2026-08-11,2026-08-17,131181,荒川区,jidouteate,児童手当の申請,オンライン明示,20,1,80,3,legacy_unknown
,2026-08-11,2026-08-17,131181,荒川区,jidouteate,児童手当の申請,必要書類,20,1,80,3,legacy_unknown
,2026-08-11,2026-08-17,131181,荒川区,jidouteate,児童手当の申請,手数料,0,0,80,3,legacy_unknown
,2026-08-11,2026-08-17,131181,荒川区,jidouteate,児童手当の申請,期限,20,1,80,3,legacy_unknown
,2026-08-11,2026-08-17,131181,荒川区,jidouteate,児童手当の申請,窓口/オンライン可否,20,1,80,3,legacy_unknown
,2026-08-11,2026-08-17,131181,荒川区,sodaigomi,粗大ごみ収集の申込,オンライン明示,20,1,60,2,legacy_unknown
,2026-08-11,2026-08-17,131181,荒川区,sodaigomi,粗大ごみ収集の申込,必要書類,0,0,60,2,legacy_unknown
,2026-08-11,2026-08-17,131181,荒川区,sodaigomi,粗大ごみ収集の申込,手数料,20,1,60,2,legacy_unknown
,2026-08-11,2026-08-17,131181,荒川区,sodaigomi,粗大ごみ収集の申込,期限,0,0,60,2,legacy_unknown
,2026-08-11,2026-08-17,131181,荒川区,sodaigomi,粗大ごみ収集の申込,窓口/オンライン可否,20,1,60,2,legacy_unknown
,2026-08-11,2026-08-17,131181,荒川区,tennyu,転入届,オンライン明示,0,0,0,1,legacy_unknown
,2026-08-11,2026-08-17,131181,荒川区,tennyu,転入届,必要書類,0,0,0,1,legacy_unknown
,2026-08-11,2026-08-17,131181,荒川区,tennyu,転入届,手数料,0,0,0,1,legacy_unknown
,2026-08-11,2026-08-17,131181,荒川区,tennyu,転入届,期限,0,0,0,1,legacy_unknown
,2026-08-11,2026-08-17,131181,荒川区,tennyu,転入届,窓口/オンライン可否,0,0,0,1,legacy_unknown
,2026-08-11,2026-08-17,131199,板橋区,jidouteate,児童手当の申請,オンライン明示,20,1,80,3,legacy_unknown
,2026-08-11,2026-08-17,131199,板橋区,jidouteate,児童手当の申請,必要書類,20,1,80,3,legacy_unknown
,2026-08-11,2026-08-17,131199,板橋区,jidouteate,児童手当の申請,手数料,0,0,80,3,legacy_unknown
,2026-08-11,2026-08-17,131199,板橋区,jidouteate,児童手当の申請,期限,20,1,80,3,legacy_unknown
,2026-08-11,2026-08-17,131199,板橋区,jidouteate,児童手当の申請,窓口/オンライン可否,20,1,80,3,legacy_unknown
,2026-08-11,2026-08-17,131199,板橋区,sodaigomi,粗大ごみ収集の申込,オンライン明示,20,1,60,3,legacy_unknown
,2026-08-11,2026-08-17,131199,板橋区,sodaigomi,粗大ごみ収集の申込,必要書類,0,0,60,3,legacy_unknown
,2026-08-11,2026-08-17,131199,板橋区,sodaigomi,粗大ごみ収集の申込,手数料,20,1,60,3,legacy_unknown
,2026-08-11,2026-08-17,131199,板橋区,sodaigomi,粗大ごみ収集の申込,期限,0,0,60,3,legacy_unknown
,2026-08-11,2026-08-17,131199,板橋区,sodaigomi,粗大ごみ収集の申込,窓口/オンライン可否,20,1,60,3,legacy_unknown
,2026-08-11,2026-08-17,131199,板橋区,tennyu,転入届,オンライン明示,20,1,80,2,legacy_unknown
,2026-08-11,2026-08-17,131199,板橋区,tennyu,転入届,必要書類,20,1,80,2,legacy_unknown
,2026-08-11,2026-08-17,131199,板橋区,tennyu,転入届,手数料,0,0,80,2,legacy_unknown
,2026-08-11,2026-08-17,131199,板橋区,tennyu,転入届,期限,20,1,80,2,legacy_unknown
,2026-08-11,2026-08-17,131199,板橋区,tennyu,転入届,窓口/オンライン可否,20,1,80,2,legacy_unknown
,2026-08-11,2026-08-17,131202,練馬区,jidouteate,児童手当の申請,オンライン明示,20,1,80,3,legacy_unknown
,2026-08-11,2026-08-17,131202,練馬区,jidouteate,児童手当の申請,必要書類,20,1,80,3,legacy_unknown
,2026-08-11,2026-08-17,131202,練馬区,jidouteate,児童手当の申請,手数料,0,0,80,3,legacy_unknown
,2026-08-11,2026-08-17,131202,練馬区,jidouteate,児童手当の申請,期限,20,1,80,3,legacy_unknown
,2026-08-11,2026-08-17,131202,練馬区,jidouteate,児童手当の申請,窓口/オンライン可否,20,1,80,3,legacy_unknown
,2026-08-11,2026-08-17,131202,練馬区,sodaigomi,粗大ごみ収集の申込,オンライン明示,20,1,40,2,legacy_unknown
,2026-08-11,2026-08-17,131202,練馬区,sodaigomi,粗大ごみ収集の申込,必要書類,0,0,40,2,legacy_unknown
,2026-08-11,2026-08-17,131202,練馬区,sodaigomi,粗大ごみ収集の申込,手数料,0,0,40,2,legacy_unknown
,2026-08-11,2026-08-17,131202,練馬区,sodaigomi,粗大ごみ収集の申込,期限,0,0,40,2,legacy_unknown
,2026-08-11,2026-08-17,131202,練馬区,sodaigomi,粗大ごみ収集の申込,窓口/オンライン可否,20,1,40,2,legacy_unknown
,2026-08-11,2026-08-17,131202,練馬区,tennyu,転入届,オンライン明示,20,1,80,2,legacy_unknown
,2026-08-11,2026-08-17,131202,練馬区,tennyu,転入届,必要書類,20,1,80,2,legacy_unknown
,2026-08-11,2026-08-17,131202,練馬区,tennyu,転入届,手数料,0,0,80,2,legacy_unknown
,2026-08-11,2026-08-17,131202,練馬区,tennyu,転入届,期限,20,1,80,2,legacy_unknown
,2026-08-11,2026-08-17,131202,練馬区,tennyu,転入届,窓口/オンライン可否,20,1,80,2,legacy_unknown
,2026-08-11,2026-08-17,131211,足立区,jidouteate,児童手当の申請,オンライン明示,0,0,60,3,legacy_unknown
,2026-08-11,2026-08-17,131211,足立区,jidouteate,児童手当の申請,必要書類,20,1,60,3,legacy_unknown
,2026-08-11,2026-08-17,131211,足立区,jidouteate,児童手当の申請,手数料,0,0,60,3,legacy_unknown
,2026-08-11,2026-08-17,131211,足立区,jidouteate,児童手当の申請,期限,20,1,60,3,legacy_unknown
,2026-08-11,2026-08-17,131211,足立区,jidouteate,児童手当の申請,窓口/オンライン可否,20,1,60,3,legacy_unknown
,2026-08-11,2026-08-17,131211,足立区,sodaigomi,粗大ごみ収集の申込,オンライン明示,0,0,0,2,legacy_unknown
,2026-08-11,2026-08-17,131211,足立区,sodaigomi,粗大ごみ収集の申込,必要書類,0,0,0,2,legacy_unknown
,2026-08-11,2026-08-17,131211,足立区,sodaigomi,粗大ごみ収集の申込,手数料,0,0,0,2,legacy_unknown
,2026-08-11,2026-08-17,131211,足立区,sodaigomi,粗大ごみ収集の申込,期限,0,0,0,2,legacy_unknown
,2026-08-11,2026-08-17,131211,足立区,sodaigomi,粗大ごみ収集の申込,窓口/オンライン可否,0,0,0,2,legacy_unknown
,2026-08-11,2026-08-17,131211,足立区,tennyu,転入届,オンライン明示,20,1,80,3,legacy_unknown
,2026-08-11,2026-08-17,131211,足立区,tennyu,転入届,必要書類,20,1,80,3,legacy_unknown
,2026-08-11,2026-08-17,131211,足立区,tennyu,転入届,手数料,0,0,80,3,legacy_unknown
,2026-08-11,2026-08-17,131211,足立区,tennyu,転入届,期限,20,1,80,3,legacy_unknown
,2026-08-11,2026-08-17,131211,足立区,tennyu,転入届,窓口/オンライン可否,20,1,80,3,legacy_unknown
,2026-08-11,2026-08-17,131229,葛飾区,jidouteate,児童手当の申請,オンライン明示,0,0,0,1,legacy_unknown
,2026-08-11,2026-08-17,131229,葛飾区,jidouteate,児童手当の申請,必要書類,0,0,0,1,legacy_unknown
,2026-08-11,2026-08-17,131229,葛飾区,jidouteate,児童手当の申請,手数料,0,0,0,1,legacy_unknown
,2026-08-11,2026-08-17,131229,葛飾区,jidouteate,児童手当の申請,期限,0,0,0,1,legacy_unknown
,2026-08-11,2026-08-17,131229,葛飾区,jidouteate,児童手当の申請,窓口/オンライン可否,0,0,0,1,legacy_unknown
,2026-08-11,2026-08-17,131229,葛飾区,sodaigomi,粗大ごみ収集の申込,オンライン明示,20,1,40,2,legacy_unknown
,2026-08-11,2026-08-17,131229,葛飾区,sodaigomi,粗大ごみ収集の申込,必要書類,0,0,40,2,legacy_unknown
,2026-08-11,2026-08-17,131229,葛飾区,sodaigomi,粗大ごみ収集の申込,手数料,0,0,40,2,legacy_unknown
,2026-08-11,2026-08-17,131229,葛飾区,sodaigomi,粗大ごみ収集の申込,期限,0,0,40,2,legacy_unknown
,2026-08-11,2026-08-17,131229,葛飾区,sodaigomi,粗大ごみ収集の申込,窓口/オンライン可否,20,1,40,2,legacy_unknown
,2026-08-11,2026-08-17,131229,葛飾区,tennyu,転入届,オンライン明示,0,0,60,3,legacy_unknown
,2026-08-11,2026-08-17,131229,葛飾区,tennyu,転入届,必要書類,20,1,60,3,legacy_unknown
,2026-08-11,2026-08-17,131229,葛飾区,tennyu,転入届,手数料,0,0,60,3,legacy_unknown
,2026-08-11,2026-08-17,131229,葛飾区,tennyu,転入届,期限,20,1,60,3,legacy_unknown
,2026-08-11,2026-08-17,131229,葛飾区,tennyu,転入届,窓口/オンライン可否,20,1,60,3,legacy_unknown
,2026-08-11,2026-08-17,131237,江戸川区,jidouteate,児童手当の申請,オンライン明示,10,0,70,3,legacy_unknown
,2026-08-11,2026-08-17,131237,江戸川区,jidouteate,児童手当の申請,必要書類,20,1,70,3,legacy_unknown
,2026-08-11,2026-08-17,131237,江戸川区,jidouteate,児童手当の申請,手数料,0,0,70,3,legacy_unknown
,2026-08-11,2026-08-17,131237,江戸川区,jidouteate,児童手当の申請,期限,20,1,70,3,legacy_unknown
,2026-08-11,2026-08-17,131237,江戸川区,jidouteate,児童手当の申請,窓口/オンライン可否,20,1,70,3,legacy_unknown
,2026-08-11,2026-08-17,131237,江戸川区,sodaigomi,粗大ごみ収集の申込,オンライン明示,0,0,0,,legacy_unknown
,2026-08-11,2026-08-17,131237,江戸川区,sodaigomi,粗大ごみ収集の申込,必要書類,0,0,0,,legacy_unknown
,2026-08-11,2026-08-17,131237,江戸川区,sodaigomi,粗大ごみ収集の申込,手数料,0,0,0,,legacy_unknown
,2026-08-11,2026-08-17,131237,江戸川区,sodaigomi,粗大ごみ収集の申込,期限,0,0,0,,legacy_unknown
,2026-08-11,2026-08-17,131237,江戸川区,sodaigomi,粗大ごみ収集の申込,窓口/オンライン可否,0,0,0,,legacy_unknown
,2026-08-11,2026-08-17,131237,江戸川区,tennyu,転入届,オンライン明示,20,1,80,3,legacy_unknown
,2026-08-11,2026-08-17,131237,江戸川区,tennyu,転入届,必要書類,20,1,80,3,legacy_unknown
,2026-08-11,2026-08-17,131237,江戸川区,tennyu,転入届,手数料,0,0,80,3,legacy_unknown
,2026-08-11,2026-08-17,131237,江戸川区,tennyu,転入届,期限,20,1,80,3,legacy_unknown
,2026-08-11,2026-08-17,131237,江戸川区,tennyu,転入届,窓口/オンライン可否,20,1,80,3,legacy_unknown
,2026-08-17,2026-08-17,131016,千代田区,jidouteate,児童手当の申請,オンライン明示,0,0,0,3,legacy_unknown
,2026-08-17,2026-08-18,131016,千代田区,jidouteate,児童手当の申請,オンライン明示,0,0,0,3,legacy_unknown
,2026-08-17,2026-08-17,131016,千代田区,jidouteate,児童手当の申請,必要書類,0,0,0,3,legacy_unknown
,2026-08-17,2026-08-18,131016,千代田区,jidouteate,児童手当の申請,必要書類,0,0,0,3,legacy_unknown
,2026-08-17,2026-08-17,131016,千代田区,jidouteate,児童手当の申請,手数料,0,0,0,3,legacy_unknown
,2026-08-17,2026-08-18,131016,千代田区,jidouteate,児童手当の申請,手数料,0,0,0,3,legacy_unknown
,2026-08-17,2026-08-17,131016,千代田区,jidouteate,児童手当の申請,期限,0,0,0,3,legacy_unknown
,2026-08-17,2026-08-18,131016,千代田区,jidouteate,児童手当の申請,期限,0,0,0,3,legacy_unknown
,2026-08-17,2026-08-17,131016,千代田区,jidouteate,児童手当の申請,窓口/オンライン可否,0,0,0,3,legacy_unknown
,2026-08-17,2026-08-18,131016,千代田区,jidouteate,児童手当の申請,窓口/オンライン可否,0,0,0,3,legacy_unknown
,2026-08-17,2026-08-17,131016,千代田区,sodaigomi,粗大ごみ収集の申込,オンライン明示,20,1,60,2,legacy_unknown
,2026-08-17,2026-08-18,131016,千代田区,sodaigomi,粗大ごみ収集の申込,オンライン明示,20,1,60,2,legacy_unknown
,2026-08-17,2026-08-17,131016,千代田区,sodaigomi,粗大ごみ収集の申込,必要書類,0,0,60,2,legacy_unknown
,2026-08-17,2026-08-18,131016,千代田区,sodaigomi,粗大ごみ収集の申込,必要書類,0,0,60,2,legacy_unknown
,2026-08-17,2026-08-17,131016,千代田区,sodaigomi,粗大ごみ収集の申込,手数料,20,1,60,2,legacy_unknown
,2026-08-17,2026-08-18,131016,千代田区,sodaigomi,粗大ごみ収集の申込,手数料,20,1,60,2,legacy_unknown
,2026-08-17,2026-08-17,131016,千代田区,sodaigomi,粗大ごみ収集の申込,期限,0,0,60,2,legacy_unknown
,2026-08-17,2026-08-18,131016,千代田区,sodaigomi,粗大ごみ収集の申込,期限,0,0,60,2,legacy_unknown
,2026-08-17,2026-08-17,131016,千代田区,sodaigomi,粗大ごみ収集の申込,窓口/オンライン可否,20,1,60,2,legacy_unknown
,2026-08-17,2026-08-18,131016,千代田区,sodaigomi,粗大ごみ収集の申込,窓口/オンライン可否,20,1,60,2,legacy_unknown
,2026-08-17,2026-08-17,131016,千代田区,tennyu,転入届,オンライン明示,20,1,80,2,legacy_unknown
,2026-08-17,2026-08-18,131016,千代田区,tennyu,転入届,オンライン明示,20,1,80,2,legacy_unknown
,2026-08-17,2026-08-17,131016,千代田区,tennyu,転入届,必要書類,20,1,80,2,legacy_unknown
,2026-08-17,2026-08-18,131016,千代田区,tennyu,転入届,必要書類,20,1,80,2,legacy_unknown
,2026-08-17,2026-08-17,131016,千代田区,tennyu,転入届,手数料,0,0,80,2,legacy_unknown
,2026-08-17,2026-08-18,131016,千代田区,tennyu,転入届,手数料,0,0,80,2,legacy_unknown
,2026-08-17,2026-08-17,131016,千代田区,tennyu,転入届,期限,20,1,80,2,legacy_unknown
,2026-08-17,2026-08-18,131016,千代田区,tennyu,転入届,期限,20,1,80,2,legacy_unknown
,2026-08-17,2026-08-17,131016,千代田区,tennyu,転入届,窓口/オンライン可否,20,1,80,2,legacy_unknown
,2026-08-17,2026-08-18,131016,千代田区,tennyu,転入届,窓口/オンライン可否,20,1,80,2,legacy_unknown
,2026-08-17,2026-08-17,131024,中央区,jidouteate,児童手当の申請,オンライン明示,20,1,80,2,legacy_unknown
,2026-08-17,2026-08-18,131024,中央区,jidouteate,児童手当の申請,オンライン明示,20,1,80,2,legacy_unknown
,2026-08-17,2026-08-17,131024,中央区,jidouteate,児童手当の申請,必要書類,20,1,80,2,legacy_unknown
,2026-08-17,2026-08-18,131024,中央区,jidouteate,児童手当の申請,必要書類,20,1,80,2,legacy_unknown
,2026-08-17,2026-08-17,131024,中央区,jidouteate,児童手当の申請,手数料,0,0,80,2,legacy_unknown
,2026-08-17,2026-08-18,131024,中央区,jidouteate,児童手当の申請,手数料,0,0,80,2,legacy_unknown
,2026-08-17,2026-08-17,131024,中央区,jidouteate,児童手当の申請,期限,20,1,80,2,legacy_unknown
,2026-08-17,2026-08-18,131024,中央区,jidouteate,児童手当の申請,期限,20,1,80,2,legacy_unknown
,2026-08-17,2026-08-17,131024,中央区,jidouteate,児童手当の申請,窓口/オンライン可否,20,1,80,2,legacy_unknown
,2026-08-17,2026-08-18,131024,中央区,jidouteate,児童手当の申請,窓口/オンライン可否,20,1,80,2,legacy_unknown
,2026-08-17,2026-08-17,131024,中央区,sodaigomi,粗大ごみ収集の申込,オンライン明示,0,0,0,1,legacy_unknown
,2026-08-17,2026-08-18,131024,中央区,sodaigomi,粗大ごみ収集の申込,オンライン明示,0,0,0,1,legacy_unknown
,2026-08-17,2026-08-17,131024,中央区,sodaigomi,粗大ごみ収集の申込,必要書類,0,0,0,1,legacy_unknown
,2026-08-17,2026-08-18,131024,中央区,sodaigomi,粗大ごみ収集の申込,必要書類,0,0,0,1,legacy_unknown
,2026-08-17,2026-08-17,131024,中央区,sodaigomi,粗大ごみ収集の申込,手数料,0,0,0,1,legacy_unknown
,2026-08-17,2026-08-18,131024,中央区,sodaigomi,粗大ごみ収集の申込,手数料,0,0,0,1,legacy_unknown
,2026-08-17,2026-08-17,131024,中央区,sodaigomi,粗大ごみ収集の申込,期限,0,0,0,1,legacy_unknown
,2026-08-17,2026-08-18,131024,中央区,sodaigomi,粗大ごみ収集の申込,期限,0,0,0,1,legacy_unknown
,2026-08-17,2026-08-17,131024,中央区,sodaigomi,粗大ごみ収集の申込,窓口/オンライン可否,0,0,0,1,legacy_unknown
,2026-08-17,2026-08-18,131024,中央区,sodaigomi,粗大ごみ収集の申込,窓口/オンライン可否,0,0,0,1,legacy_unknown
,2026-08-17,2026-08-17,131024,中央区,tennyu,転入届,オンライン明示,0,0,0,2,legacy_unknown
,2026-08-17,2026-08-18,131024,中央区,tennyu,転入届,オンライン明示,0,0,0,2,legacy_unknown
,2026-08-17,2026-08-17,131024,中央区,tennyu,転入届,必要書類,0,0,0,2,legacy_unknown
,2026-08-17,2026-08-18,131024,中央区,tennyu,転入届,必要書類,0,0,0,2,legacy_unknown
,2026-08-17,2026-08-17,131024,中央区,tennyu,転入届,手数料,0,0,0,2,legacy_unknown
,2026-08-17,2026-08-18,131024,中央区,tennyu,転入届,手数料,0,0,0,2,legacy_unknown
,2026-08-17,2026-08-17,131024,中央区,tennyu,転入届,期限,0,0,0,2,legacy_unknown
,2026-08-17,2026-08-18,131024,中央区,tennyu,転入届,期限,0,0,0,2,legacy_unknown
,2026-08-17,2026-08-17,131024,中央区,tennyu,転入届,窓口/オンライン可否,0,0,0,2,legacy_unknown
,2026-08-17,2026-08-18,131024,中央区,tennyu,転入届,窓口/オンライン可否,0,0,0,2,legacy_unknown
,2026-08-17,2026-08-17,131032,港区,jidouteate,児童手当の申請,オンライン明示,20,1,80,3,legacy_unknown
,2026-08-17,2026-08-18,131032,港区,jidouteate,児童手当の申請,オンライン明示,20,1,80,3,legacy_unknown
,2026-08-17,2026-08-17,131032,港区,jidouteate,児童手当の申請,必要書類,20,1,80,3,legacy_unknown
,2026-08-17,2026-08-18,131032,港区,jidouteate,児童手当の申請,必要書類,20,1,80,3,legacy_unknown
,2026-08-17,2026-08-17,131032,港区,jidouteate,児童手当の申請,手数料,0,0,80,3,legacy_unknown
,2026-08-17,2026-08-18,131032,港区,jidouteate,児童手当の申請,手数料,0,0,80,3,legacy_unknown
,2026-08-17,2026-08-17,131032,港区,jidouteate,児童手当の申請,期限,20,1,80,3,legacy_unknown
,2026-08-17,2026-08-18,131032,港区,jidouteate,児童手当の申請,期限,20,1,80,3,legacy_unknown
,2026-08-17,2026-08-17,131032,港区,jidouteate,児童手当の申請,窓口/オンライン可否,20,1,80,3,legacy_unknown
,2026-08-17,2026-08-18,131032,港区,jidouteate,児童手当の申請,窓口/オンライン可否,20,1,80,3,legacy_unknown
,2026-08-17,2026-08-17,131032,港区,sodaigomi,粗大ごみ収集の申込,オンライン明示,20,1,60,2,legacy_unknown
,2026-08-17,2026-08-18,131032,港区,sodaigomi,粗大ごみ収集の申込,オンライン明示,20,1,60,2,legacy_unknown
,2026-08-17,2026-08-17,131032,港区,sodaigomi,粗大ごみ収集の申込,必要書類,0,0,60,2,legacy_unknown
,2026-08-17,2026-08-18,131032,港区,sodaigomi,粗大ごみ収集の申込,必要書類,0,0,60,2,legacy_unknown
,2026-08-17,2026-08-17,131032,港区,sodaigomi,粗大ごみ収集の申込,手数料,20,1,60,2,legacy_unknown
,2026-08-17,2026-08-18,131032,港区,sodaigomi,粗大ごみ収集の申込,手数料,20,1,60,2,legacy_unknown
,2026-08-17,2026-08-17,131032,港区,sodaigomi,粗大ごみ収集の申込,期限,0,0,60,2,legacy_unknown
,2026-08-17,2026-08-18,131032,港区,sodaigomi,粗大ごみ収集の申込,期限,0,0,60,2,legacy_unknown
,2026-08-17,2026-08-17,131032,港区,sodaigomi,粗大ごみ収集の申込,窓口/オンライン可否,20,1,60,2,legacy_unknown
,2026-08-17,2026-08-18,131032,港区,sodaigomi,粗大ごみ収集の申込,窓口/オンライン可否,20,1,60,2,legacy_unknown
,2026-08-17,2026-08-17,131032,港区,tennyu,転入届,オンライン明示,20,1,100,3,legacy_unknown
,2026-08-17,2026-08-18,131032,港区,tennyu,転入届,オンライン明示,20,1,100,3,legacy_unknown
,2026-08-17,2026-08-17,131032,港区,tennyu,転入届,必要書類,20,1,100,3,legacy_unknown
,2026-08-17,2026-08-18,131032,港区,tennyu,転入届,必要書類,20,1,100,3,legacy_unknown
,2026-08-17,2026-08-17,131032,港区,tennyu,転入届,手数料,20,1,100,3,legacy_unknown
,2026-08-17,2026-08-18,131032,港区,tennyu,転入届,手数料,20,1,100,3,legacy_unknown
,2026-08-17,2026-08-17,131032,港区,tennyu,転入届,期限,20,1,100,3,legacy_unknown
,2026-08-17,2026-08-18,131032,港区,tennyu,転入届,期限,20,1,100,3,legacy_unknown
,2026-08-17,2026-08-17,131032,港区,tennyu,転入届,窓口/オンライン可否,20,1,100,3,legacy_unknown
,2026-08-17,2026-08-18,131032,港区,tennyu,転入届,窓口/オンライン可否,20,1,100,3,legacy_unknown
,2026-08-17,2026-08-17,131041,新宿区,jidouteate,児童手当の申請,オンライン明示,0,0,0,3,legacy_unknown
,2026-08-17,2026-08-18,131041,新宿区,jidouteate,児童手当の申請,オンライン明示,0,0,0,3,legacy_unknown
,2026-08-17,2026-08-17,131041,新宿区,jidouteate,児童手当の申請,必要書類,0,0,0,3,legacy_unknown
,2026-08-17,2026-08-18,131041,新宿区,jidouteate,児童手当の申請,必要書類,0,0,0,3,legacy_unknown
,2026-08-17,2026-08-17,131041,新宿区,jidouteate,児童手当の申請,手数料,0,0,0,3,legacy_unknown
,2026-08-17,2026-08-18,131041,新宿区,jidouteate,児童手当の申請,手数料,0,0,0,3,legacy_unknown
,2026-08-17,2026-08-17,131041,新宿区,jidouteate,児童手当の申請,期限,0,0,0,3,legacy_unknown
,2026-08-17,2026-08-18,131041,新宿区,jidouteate,児童手当の申請,期限,0,0,0,3,legacy_unknown
,2026-08-17,2026-08-17,131041,新宿区,jidouteate,児童手当の申請,窓口/オンライン可否,0,0,0,3,legacy_unknown
,2026-08-17,2026-08-18,131041,新宿区,jidouteate,児童手当の申請,窓口/オンライン可否,0,0,0,3,legacy_unknown
,2026-08-17,2026-08-17,131041,新宿区,sodaigomi,粗大ごみ収集の申込,オンライン明示,20,1,40,2,legacy_unknown
,2026-08-17,2026-08-18,131041,新宿区,sodaigomi,粗大ごみ収集の申込,オンライン明示,20,1,40,2,legacy_unknown
,2026-08-17,2026-08-17,131041,新宿区,sodaigomi,粗大ごみ収集の申込,必要書類,0,0,40,2,legacy_unknown
,2026-08-17,2026-08-18,131041,新宿区,sodaigomi,粗大ごみ収集の申込,必要書類,0,0,40,2,legacy_unknown
,2026-08-17,2026-08-17,131041,新宿区,sodaigomi,粗大ごみ収集の申込,手数料,0,0,40,2,legacy_unknown
,2026-08-17,2026-08-18,131041,新宿区,sodaigomi,粗大ごみ収集の申込,手数料,0,0,40,2,legacy_unknown
,2026-08-17,2026-08-17,131041,新宿区,sodaigomi,粗大ごみ収集の申込,期限,0,0,40,2,legacy_unknown
,2026-08-17,2026-08-18,131041,新宿区,sodaigomi,粗大ごみ収集の申込,期限,0,0,40,2,legacy_unknown
,2026-08-17,2026-08-17,131041,新宿区,sodaigomi,粗大ごみ収集の申込,窓口/オンライン可否,20,1,40,2,legacy_unknown
,2026-08-17,2026-08-18,131041,新宿区,sodaigomi,粗大ごみ収集の申込,窓口/オンライン可否,20,1,40,2,legacy_unknown
,2026-08-17,2026-08-17,131041,新宿区,tennyu,転入届,オンライン明示,20,1,40,2,legacy_unknown
,2026-08-17,2026-08-18,131041,新宿区,tennyu,転入届,オンライン明示,20,1,40,2,legacy_unknown
,2026-08-17,2026-08-17,131041,新宿区,tennyu,転入届,必要書類,0,0,40,2,legacy_unknown
,2026-08-17,2026-08-18,131041,新宿区,tennyu,転入届,必要書類,0,0,40,2,legacy_unknown
,2026-08-17,2026-08-17,131041,新宿区,tennyu,転入届,手数料,0,0,40,2,legacy_unknown
,2026-08-17,2026-08-18,131041,新宿区,tennyu,転入届,手数料,0,0,40,2,legacy_unknown
,2026-08-17,2026-08-17,131041,新宿区,tennyu,転入届,期限,0,0,40,2,legacy_unknown
,2026-08-17,2026-08-18,131041,新宿区,tennyu,転入届,期限,0,0,40,2,legacy_unknown
,2026-08-17,2026-08-17,131041,新宿区,tennyu,転入届,窓口/オンライン可否,20,1,40,2,legacy_unknown
,2026-08-17,2026-08-18,131041,新宿区,tennyu,転入届,窓口/オンライン可否,20,1,40,2,legacy_unknown
,2026-08-17,2026-08-17,131059,文京区,jidouteate,児童手当の申請,オンライン明示,20,1,40,2,legacy_unknown
,2026-08-17,2026-08-18,131059,文京区,jidouteate,児童手当の申請,オンライン明示,20,1,40,2,legacy_unknown
,2026-08-17,2026-08-17,131059,文京区,jidouteate,児童手当の申請,必要書類,0,0,40,2,legacy_unknown
,2026-08-17,2026-08-18,131059,文京区,jidouteate,児童手当の申請,必要書類,0,0,40,2,legacy_unknown
,2026-08-17,2026-08-17,131059,文京区,jidouteate,児童手当の申請,手数料,0,0,40,2,legacy_unknown
,2026-08-17,2026-08-18,131059,文京区,jidouteate,児童手当の申請,手数料,0,0,40,2,legacy_unknown
,2026-08-17,2026-08-17,131059,文京区,jidouteate,児童手当の申請,期限,0,0,40,2,legacy_unknown
,2026-08-17,2026-08-18,131059,文京区,jidouteate,児童手当の申請,期限,0,0,40,2,legacy_unknown
,2026-08-17,2026-08-17,131059,文京区,jidouteate,児童手当の申請,窓口/オンライン可否,20,1,40,2,legacy_unknown
,2026-08-17,2026-08-18,131059,文京区,jidouteate,児童手当の申請,窓口/オンライン可否,20,1,40,2,legacy_unknown
,2026-08-17,2026-08-17,131059,文京区,sodaigomi,粗大ごみ収集の申込,オンライン明示,20,1,60,2,legacy_unknown
,2026-08-17,2026-08-18,131059,文京区,sodaigomi,粗大ごみ収集の申込,オンライン明示,20,1,60,2,legacy_unknown
,2026-08-17,2026-08-17,131059,文京区,sodaigomi,粗大ごみ収集の申込,必要書類,0,0,60,2,legacy_unknown
,2026-08-17,2026-08-18,131059,文京区,sodaigomi,粗大ごみ収集の申込,必要書類,0,0,60,2,legacy_unknown
,2026-08-17,2026-08-17,131059,文京区,sodaigomi,粗大ごみ収集の申込,手数料,20,1,60,2,legacy_unknown
,2026-08-17,2026-08-18,131059,文京区,sodaigomi,粗大ごみ収集の申込,手数料,20,1,60,2,legacy_unknown
,2026-08-17,2026-08-17,131059,文京区,sodaigomi,粗大ごみ収集の申込,期限,0,0,60,2,legacy_unknown
,2026-08-17,2026-08-18,131059,文京区,sodaigomi,粗大ごみ収集の申込,期限,0,0,60,2,legacy_unknown
,2026-08-17,2026-08-17,131059,文京区,sodaigomi,粗大ごみ収集の申込,窓口/オンライン可否,20,1,60,2,legacy_unknown
,2026-08-17,2026-08-18,131059,文京区,sodaigomi,粗大ごみ収集の申込,窓口/オンライン可否,20,1,60,2,legacy_unknown
,2026-08-17,2026-08-17,131059,文京区,tennyu,転入届,オンライン明示,20,1,80,3,legacy_unknown
,2026-08-17,2026-08-18,131059,文京区,tennyu,転入届,オンライン明示,20,1,80,3,legacy_unknown
,2026-08-17,2026-08-17,131059,文京区,tennyu,転入届,必要書類,20,1,80,3,legacy_unknown
,2026-08-17,2026-08-18,131059,文京区,tennyu,転入届,必要書類,20,1,80,3,legacy_unknown
,2026-08-17,2026-08-17,131059,文京区,tennyu,転入届,手数料,0,0,80,3,legacy_unknown
,2026-08-17,2026-08-18,131059,文京区,tennyu,転入届,手数料,0,0,80,3,legacy_unknown
,2026-08-17,2026-08-17,131059,文京区,tennyu,転入届,期限,20,1,80,3,legacy_unknown
,2026-08-17,2026-08-18,131059,文京区,tennyu,転入届,期限,20,1,80,3,legacy_unknown
,2026-08-17,2026-08-17,131059,文京区,tennyu,転入届,窓口/オンライン可否,20,1,80,3,legacy_unknown
,2026-08-17,2026-08-18,131059,文京区,tennyu,転入届,窓口/オンライン可否,20,1,80,3,legacy_unknown
,2026-08-17,2026-08-17,131067,台東区,jidouteate,児童手当の申請,オンライン明示,0,0,0,1,legacy_unknown
,2026-08-17,2026-08-18,131067,台東区,jidouteate,児童手当の申請,オンライン明示,0,0,0,1,legacy_unknown
,2026-08-17,2026-08-17,131067,台東区,jidouteate,児童手当の申請,必要書類,0,0,0,1,legacy_unknown
,2026-08-17,2026-08-18,131067,台東区,jidouteate,児童手当の申請,必要書類,0,0,0,1,legacy_unknown
,2026-08-17,2026-08-17,131067,台東区,jidouteate,児童手当の申請,手数料,0,0,0,1,legacy_unknown
,2026-08-17,2026-08-18,131067,台東区,jidouteate,児童手当の申請,手数料,0,0,0,1,legacy_unknown
,2026-08-17,2026-08-17,131067,台東区,jidouteate,児童手当の申請,期限,0,0,0,1,legacy_unknown
,2026-08-17,2026-08-18,131067,台東区,jidouteate,児童手当の申請,期限,0,0,0,1,legacy_unknown
,2026-08-17,2026-08-17,131067,台東区,jidouteate,児童手当の申請,窓口/オンライン可否,0,0,0,1,legacy_unknown
,2026-08-17,2026-08-18,131067,台東区,jidouteate,児童手当の申請,窓口/オンライン可否,0,0,0,1,legacy_unknown
,2026-08-17,2026-08-17,131067,台東区,sodaigomi,粗大ごみ収集の申込,オンライン明示,20,1,40,1,legacy_unknown
,2026-08-17,2026-08-18,131067,台東区,sodaigomi,粗大ごみ収集の申込,オンライン明示,20,1,40,1,legacy_unknown
,2026-08-17,2026-08-17,131067,台東区,sodaigomi,粗大ごみ収集の申込,必要書類,0,0,40,1,legacy_unknown
,2026-08-17,2026-08-18,131067,台東区,sodaigomi,粗大ごみ収集の申込,必要書類,0,0,40,1,legacy_unknown
,2026-08-17,2026-08-17,131067,台東区,sodaigomi,粗大ごみ収集の申込,手数料,0,0,40,1,legacy_unknown
,2026-08-17,2026-08-18,131067,台東区,sodaigomi,粗大ごみ収集の申込,手数料,0,0,40,1,legacy_unknown
,2026-08-17,2026-08-17,131067,台東区,sodaigomi,粗大ごみ収集の申込,期限,0,0,40,1,legacy_unknown
,2026-08-17,2026-08-18,131067,台東区,sodaigomi,粗大ごみ収集の申込,期限,0,0,40,1,legacy_unknown
,2026-08-17,2026-08-17,131067,台東区,sodaigomi,粗大ごみ収集の申込,窓口/オンライン可否,20,1,40,1,legacy_unknown
,2026-08-17,2026-08-18,131067,台東区,sodaigomi,粗大ごみ収集の申込,窓口/オンライン可否,20,1,40,1,legacy_unknown
,2026-08-17,2026-08-17,131067,台東区,tennyu,転入届,オンライン明示,20,1,80,2,legacy_unknown
,2026-08-17,2026-08-18,131067,台東区,tennyu,転入届,オンライン明示,20,1,80,2,legacy_unknown
,2026-08-17,2026-08-17,131067,台東区,tennyu,転入届,必要書類,20,1,80,2,legacy_unknown
,2026-08-17,2026-08-18,131067,台東区,tennyu,転入届,必要書類,20,1,80,2,legacy_unknown
,2026-08-17,2026-08-17,131067,台東区,tennyu,転入届,手数料,0,0,80,2,legacy_unknown
,2026-08-17,2026-08-18,131067,台東区,tennyu,転入届,手数料,0,0,80,2,legacy_unknown
,2026-08-17,2026-08-17,131067,台東区,tennyu,転入届,期限,20,1,80,2,legacy_unknown
,2026-08-17,2026-08-18,131067,台東区,tennyu,転入届,期限,20,1,80,2,legacy_unknown
,2026-08-17,2026-08-17,131067,台東区,tennyu,転入届,窓口/オンライン可否,20,1,80,2,legacy_unknown
,2026-08-17,2026-08-18,131067,台東区,tennyu,転入届,窓口/オンライン可否,20,1,80,2,legacy_unknown
,2026-08-17,2026-08-17,131075,墨田区,jidouteate,児童手当の申請,オンライン明示,0,0,0,3,legacy_unknown
,2026-08-17,2026-08-18,131075,墨田区,jidouteate,児童手当の申請,オンライン明示,0,0,0,3,legacy_unknown
,2026-08-17,2026-08-17,131075,墨田区,jidouteate,児童手当の申請,必要書類,0,0,0,3,legacy_unknown
,2026-08-17,2026-08-18,131075,墨田区,jidouteate,児童手当の申請,必要書類,0,0,0,3,legacy_unknown
,2026-08-17,2026-08-17,131075,墨田区,jidouteate,児童手当の申請,手数料,0,0,0,3,legacy_unknown
,2026-08-17,2026-08-18,131075,墨田区,jidouteate,児童手当の申請,手数料,0,0,0,3,legacy_unknown
,2026-08-17,2026-08-17,131075,墨田区,jidouteate,児童手当の申請,期限,0,0,0,3,legacy_unknown
,2026-08-17,2026-08-18,131075,墨田区,jidouteate,児童手当の申請,期限,0,0,0,3,legacy_unknown
,2026-08-17,2026-08-17,131075,墨田区,jidouteate,児童手当の申請,窓口/オンライン可否,0,0,0,3,legacy_unknown
,2026-08-17,2026-08-18,131075,墨田区,jidouteate,児童手当の申請,窓口/オンライン可否,0,0,0,3,legacy_unknown
,2026-08-17,2026-08-17,131075,墨田区,sodaigomi,粗大ごみ収集の申込,オンライン明示,20,1,40,1,legacy_unknown
,2026-08-17,2026-08-18,131075,墨田区,sodaigomi,粗大ごみ収集の申込,オンライン明示,20,1,40,1,legacy_unknown
,2026-08-17,2026-08-17,131075,墨田区,sodaigomi,粗大ごみ収集の申込,必要書類,0,0,40,1,legacy_unknown
,2026-08-17,2026-08-18,131075,墨田区,sodaigomi,粗大ごみ収集の申込,必要書類,0,0,40,1,legacy_unknown
,2026-08-17,2026-08-17,131075,墨田区,sodaigomi,粗大ごみ収集の申込,手数料,0,0,40,1,legacy_unknown
,2026-08-17,2026-08-18,131075,墨田区,sodaigomi,粗大ごみ収集の申込,手数料,0,0,40,1,legacy_unknown
,2026-08-17,2026-08-17,131075,墨田区,sodaigomi,粗大ごみ収集の申込,期限,0,0,40,1,legacy_unknown
,2026-08-17,2026-08-18,131075,墨田区,sodaigomi,粗大ごみ収集の申込,期限,0,0,40,1,legacy_unknown
,2026-08-17,2026-08-17,131075,墨田区,sodaigomi,粗大ごみ収集の申込,窓口/オンライン可否,20,1,40,1,legacy_unknown
,2026-08-17,2026-08-18,131075,墨田区,sodaigomi,粗大ごみ収集の申込,窓口/オンライン可否,20,1,40,1,legacy_unknown
,2026-08-17,2026-08-17,131075,墨田区,tennyu,転入届,オンライン明示,0,0,0,2,legacy_unknown
,2026-08-17,2026-08-18,131075,墨田区,tennyu,転入届,オンライン明示,0,0,0,2,legacy_unknown
,2026-08-17,2026-08-17,131075,墨田区,tennyu,転入届,必要書類,0,0,0,2,legacy_unknown
,2026-08-17,2026-08-18,131075,墨田区,tennyu,転入届,必要書類,0,0,0,2,legacy_unknown
,2026-08-17,2026-08-17,131075,墨田区,tennyu,転入届,手数料,0,0,0,2,legacy_unknown
,2026-08-17,2026-08-18,131075,墨田区,tennyu,転入届,手数料,0,0,0,2,legacy_unknown
,2026-08-17,2026-08-17,131075,墨田区,tennyu,転入届,期限,0,0,0,2,legacy_unknown
,2026-08-17,2026-08-18,131075,墨田区,tennyu,転入届,期限,0,0,0,2,legacy_unknown
,2026-08-17,2026-08-17,131075,墨田区,tennyu,転入届,窓口/オンライン可否,0,0,0,2,legacy_unknown
,2026-08-17,2026-08-18,131075,墨田区,tennyu,転入届,窓口/オンライン可否,0,0,0,2,legacy_unknown
,2026-08-17,2026-08-17,131083,江東区,jidouteate,児童手当の申請,オンライン明示,20,1,80,3,legacy_unknown
,2026-08-17,2026-08-18,131083,江東区,jidouteate,児童手当の申請,オンライン明示,20,1,80,3,legacy_unknown
,2026-08-17,2026-08-17,131083,江東区,jidouteate,児童手当の申請,必要書類,20,1,80,3,legacy_unknown
,2026-08-17,2026-08-18,131083,江東区,jidouteate,児童手当の申請,必要書類,20,1,80,3,legacy_unknown
,2026-08-17,2026-08-17,131083,江東区,jidouteate,児童手当の申請,手数料,0,0,80,3,legacy_unknown
,2026-08-17,2026-08-18,131083,江東区,jidouteate,児童手当の申請,手数料,0,0,80,3,legacy_unknown
,2026-08-17,2026-08-17,131083,江東区,jidouteate,児童手当の申請,期限,20,1,80,3,legacy_unknown
,2026-08-17,2026-08-18,131083,江東区,jidouteate,児童手当の申請,期限,20,1,80,3,legacy_unknown
,2026-08-17,2026-08-17,131083,江東区,jidouteate,児童手当の申請,窓口/オンライン可否,20,1,80,3,legacy_unknown
,2026-08-17,2026-08-18,131083,江東区,jidouteate,児童手当の申請,窓口/オンライン可否,20,1,80,3,legacy_unknown
,2026-08-17,2026-08-17,131083,江東区,sodaigomi,粗大ごみ収集の申込,オンライン明示,20,1,60,2,legacy_unknown
,2026-08-17,2026-08-18,131083,江東区,sodaigomi,粗大ごみ収集の申込,オンライン明示,20,1,60,2,legacy_unknown
,2026-08-17,2026-08-17,131083,江東区,sodaigomi,粗大ごみ収集の申込,必要書類,0,0,60,2,legacy_unknown
,2026-08-17,2026-08-18,131083,江東区,sodaigomi,粗大ごみ収集の申込,必要書類,0,0,60,2,legacy_unknown
,2026-08-17,2026-08-17,131083,江東区,sodaigomi,粗大ごみ収集の申込,手数料,20,1,60,2,legacy_unknown
,2026-08-17,2026-08-18,131083,江東区,sodaigomi,粗大ごみ収集の申込,手数料,20,1,60,2,legacy_unknown
,2026-08-17,2026-08-17,131083,江東区,sodaigomi,粗大ごみ収集の申込,期限,0,0,60,2,legacy_unknown
,2026-08-17,2026-08-18,131083,江東区,sodaigomi,粗大ごみ収集の申込,期限,0,0,60,2,legacy_unknown
,2026-08-17,2026-08-17,131083,江東区,sodaigomi,粗大ごみ収集の申込,窓口/オンライン可否,20,1,60,2,legacy_unknown
,2026-08-17,2026-08-18,131083,江東区,sodaigomi,粗大ごみ収集の申込,窓口/オンライン可否,20,1,60,2,legacy_unknown
,2026-08-17,2026-08-17,131083,江東区,tennyu,転入届,オンライン明示,0,0,60,3,legacy_unknown
,2026-08-17,2026-08-18,131083,江東区,tennyu,転入届,オンライン明示,0,0,60,3,legacy_unknown
,2026-08-17,2026-08-17,131083,江東区,tennyu,転入届,必要書類,20,1,60,3,legacy_unknown
,2026-08-17,2026-08-18,131083,江東区,tennyu,転入届,必要書類,20,1,60,3,legacy_unknown
,2026-08-17,2026-08-17,131083,江東区,tennyu,転入届,手数料,0,0,60,3,legacy_unknown
,2026-08-17,2026-08-18,131083,江東区,tennyu,転入届,手数料,0,0,60,3,legacy_unknown
,2026-08-17,2026-08-17,131083,江東区,tennyu,転入届,期限,20,1,60,3,legacy_unknown
,2026-08-17,2026-08-18,131083,江東区,tennyu,転入届,期限,20,1,60,3,legacy_unknown
,2026-08-17,2026-08-17,131083,江東区,tennyu,転入届,窓口/オンライン可否,20,1,60,3,legacy_unknown
,2026-08-17,2026-08-18,131083,江東区,tennyu,転入届,窓口/オンライン可否,20,1,60,3,legacy_unknown
,2026-08-17,2026-08-17,131091,品川区,jidouteate,児童手当の申請,オンライン明示,20,1,80,2,legacy_unknown
,2026-08-17,2026-08-18,131091,品川区,jidouteate,児童手当の申請,オンライン明示,20,1,80,2,legacy_unknown
,2026-08-17,2026-08-17,131091,品川区,jidouteate,児童手当の申請,必要書類,20,1,80,2,legacy_unknown
,2026-08-17,2026-08-18,131091,品川区,jidouteate,児童手当の申請,必要書類,20,1,80,2,legacy_unknown
,2026-08-17,2026-08-17,131091,品川区,jidouteate,児童手当の申請,手数料,0,0,80,2,legacy_unknown
,2026-08-17,2026-08-18,131091,品川区,jidouteate,児童手当の申請,手数料,0,0,80,2,legacy_unknown
,2026-08-17,2026-08-17,131091,品川区,jidouteate,児童手当の申請,期限,20,1,80,2,legacy_unknown
,2026-08-17,2026-08-18,131091,品川区,jidouteate,児童手当の申請,期限,20,1,80,2,legacy_unknown
,2026-08-17,2026-08-17,131091,品川区,jidouteate,児童手当の申請,窓口/オンライン可否,20,1,80,2,legacy_unknown
,2026-08-17,2026-08-18,131091,品川区,jidouteate,児童手当の申請,窓口/オンライン可否,20,1,80,2,legacy_unknown
,2026-08-17,2026-08-17,131091,品川区,sodaigomi,粗大ごみ収集の申込,オンライン明示,20,1,60,1,legacy_unknown
,2026-08-17,2026-08-18,131091,品川区,sodaigomi,粗大ごみ収集の申込,オンライン明示,20,1,60,1,legacy_unknown
,2026-08-17,2026-08-17,131091,品川区,sodaigomi,粗大ごみ収集の申込,必要書類,20,1,60,1,legacy_unknown
,2026-08-17,2026-08-18,131091,品川区,sodaigomi,粗大ごみ収集の申込,必要書類,20,1,60,1,legacy_unknown
,2026-08-17,2026-08-17,131091,品川区,sodaigomi,粗大ごみ収集の申込,手数料,0,0,60,1,legacy_unknown
,2026-08-17,2026-08-18,131091,品川区,sodaigomi,粗大ごみ収集の申込,手数料,0,0,60,1,legacy_unknown
,2026-08-17,2026-08-17,131091,品川区,sodaigomi,粗大ごみ収集の申込,期限,0,0,60,1,legacy_unknown
,2026-08-17,2026-08-18,131091,品川区,sodaigomi,粗大ごみ収集の申込,期限,0,0,60,1,legacy_unknown
,2026-08-17,2026-08-17,131091,品川区,sodaigomi,粗大ごみ収集の申込,窓口/オンライン可否,20,1,60,1,legacy_unknown
,2026-08-17,2026-08-18,131091,品川区,sodaigomi,粗大ごみ収集の申込,窓口/オンライン可否,20,1,60,1,legacy_unknown
,2026-08-17,2026-08-17,131091,品川区,tennyu,転入届,オンライン明示,0,0,60,3,legacy_unknown
,2026-08-17,2026-08-18,131091,品川区,tennyu,転入届,オンライン明示,0,0,60,3,legacy_unknown
,2026-08-17,2026-08-17,131091,品川区,tennyu,転入届,必要書類,20,1,60,3,legacy_unknown
,2026-08-17,2026-08-18,131091,品川区,tennyu,転入届,必要書類,20,1,60,3,legacy_unknown
,2026-08-17,2026-08-17,131091,品川区,tennyu,転入届,手数料,0,0,60,3,legacy_unknown
,2026-08-17,2026-08-18,131091,品川区,tennyu,転入届,手数料,0,0,60,3,legacy_unknown
,2026-08-17,2026-08-17,131091,品川区,tennyu,転入届,期限,20,1,60,3,legacy_unknown
,2026-08-17,2026-08-18,131091,品川区,tennyu,転入届,期限,20,1,60,3,legacy_unknown
,2026-08-17,2026-08-17,131091,品川区,tennyu,転入届,窓口/オンライン可否,20,1,60,3,legacy_unknown
,2026-08-17,2026-08-18,131091,品川区,tennyu,転入届,窓口/オンライン可否,20,1,60,3,legacy_unknown
,2026-08-17,2026-08-17,131105,目黒区,jidouteate,児童手当の申請,オンライン明示,0,0,0,2,legacy_unknown
,2026-08-17,2026-08-18,131105,目黒区,jidouteate,児童手当の申請,オンライン明示,0,0,0,2,legacy_unknown
,2026-08-17,2026-08-17,131105,目黒区,jidouteate,児童手当の申請,必要書類,0,0,0,2,legacy_unknown
,2026-08-17,2026-08-18,131105,目黒区,jidouteate,児童手当の申請,必要書類,0,0,0,2,legacy_unknown
,2026-08-17,2026-08-17,131105,目黒区,jidouteate,児童手当の申請,手数料,0,0,0,2,legacy_unknown
,2026-08-17,2026-08-18,131105,目黒区,jidouteate,児童手当の申請,手数料,0,0,0,2,legacy_unknown
,2026-08-17,2026-08-17,131105,目黒区,jidouteate,児童手当の申請,期限,0,0,0,2,legacy_unknown
,2026-08-17,2026-08-18,131105,目黒区,jidouteate,児童手当の申請,期限,0,0,0,2,legacy_unknown
,2026-08-17,2026-08-17,131105,目黒区,jidouteate,児童手当の申請,窓口/オンライン可否,0,0,0,2,legacy_unknown
,2026-08-17,2026-08-18,131105,目黒区,jidouteate,児童手当の申請,窓口/オンライン可否,0,0,0,2,legacy_unknown
,2026-08-17,2026-08-17,131105,目黒区,sodaigomi,粗大ごみ収集の申込,オンライン明示,20,1,40,3,legacy_unknown
,2026-08-17,2026-08-18,131105,目黒区,sodaigomi,粗大ごみ収集の申込,オンライン明示,20,1,40,3,legacy_unknown
,2026-08-17,2026-08-17,131105,目黒区,sodaigomi,粗大ごみ収集の申込,必要書類,0,0,40,3,legacy_unknown
,2026-08-17,2026-08-18,131105,目黒区,sodaigomi,粗大ごみ収集の申込,必要書類,0,0,40,3,legacy_unknown
,2026-08-17,2026-08-17,131105,目黒区,sodaigomi,粗大ごみ収集の申込,手数料,0,0,40,3,legacy_unknown
,2026-08-17,2026-08-18,131105,目黒区,sodaigomi,粗大ごみ収集の申込,手数料,0,0,40,3,legacy_unknown
,2026-08-17,2026-08-17,131105,目黒区,sodaigomi,粗大ごみ収集の申込,期限,0,0,40,3,legacy_unknown
,2026-08-17,2026-08-18,131105,目黒区,sodaigomi,粗大ごみ収集の申込,期限,0,0,40,3,legacy_unknown
,2026-08-17,2026-08-17,131105,目黒区,sodaigomi,粗大ごみ収集の申込,窓口/オンライン可否,20,1,40,3,legacy_unknown
,2026-08-17,2026-08-18,131105,目黒区,sodaigomi,粗大ごみ収集の申込,窓口/オンライン可否,20,1,40,3,legacy_unknown
,2026-08-17,2026-08-17,131105,目黒区,tennyu,転入届,オンライン明示,0,0,60,3,legacy_unknown
,2026-08-17,2026-08-18,131105,目黒区,tennyu,転入届,オンライン明示,0,0,60,3,legacy_unknown
,2026-08-17,2026-08-17,131105,目黒区,tennyu,転入届,必要書類,20,1,60,3,legacy_unknown
,2026-08-17,2026-08-18,131105,目黒区,tennyu,転入届,必要書類,20,1,60,3,legacy_unknown
,2026-08-17,2026-08-17,131105,目黒区,tennyu,転入届,手数料,0,0,60,3,legacy_unknown
,2026-08-17,2026-08-18,131105,目黒区,tennyu,転入届,手数料,0,0,60,3,legacy_unknown
,2026-08-17,2026-08-17,131105,目黒区,tennyu,転入届,期限,20,1,60,3,legacy_unknown
,2026-08-17,2026-08-18,131105,目黒区,tennyu,転入届,期限,20,1,60,3,legacy_unknown
,2026-08-17,2026-08-17,131105,目黒区,tennyu,転入届,窓口/オンライン可否,20,1,60,3,legacy_unknown
,2026-08-17,2026-08-18,131105,目黒区,tennyu,転入届,窓口/オンライン可否,20,1,60,3,legacy_unknown
,2026-08-17,2026-08-17,131113,大田区,jidouteate,児童手当の申請,オンライン明示,20,1,80,3,legacy_unknown
,2026-08-17,2026-08-18,131113,大田区,jidouteate,児童手当の申請,オンライン明示,20,1,80,3,legacy_unknown
,2026-08-17,2026-08-17,131113,大田区,jidouteate,児童手当の申請,必要書類,20,1,80,3,legacy_unknown
,2026-08-17,2026-08-18,131113,大田区,jidouteate,児童手当の申請,必要書類,20,1,80,3,legacy_unknown
,2026-08-17,2026-08-17,131113,大田区,jidouteate,児童手当の申請,手数料,0,0,80,3,legacy_unknown
,2026-08-17,2026-08-18,131113,大田区,jidouteate,児童手当の申請,手数料,0,0,80,3,legacy_unknown
,2026-08-17,2026-08-17,131113,大田区,jidouteate,児童手当の申請,期限,20,1,80,3,legacy_unknown
,2026-08-17,2026-08-18,131113,大田区,jidouteate,児童手当の申請,期限,20,1,80,3,legacy_unknown
,2026-08-17,2026-08-17,131113,大田区,jidouteate,児童手当の申請,窓口/オンライン可否,20,1,80,3,legacy_unknown
,2026-08-17,2026-08-18,131113,大田区,jidouteate,児童手当の申請,窓口/オンライン可否,20,1,80,3,legacy_unknown
,2026-08-17,2026-08-17,131113,大田区,sodaigomi,粗大ごみ収集の申込,オンライン明示,20,1,40,1,legacy_unknown
,2026-08-17,2026-08-18,131113,大田区,sodaigomi,粗大ごみ収集の申込,オンライン明示,20,1,40,1,legacy_unknown
,2026-08-17,2026-08-17,131113,大田区,sodaigomi,粗大ごみ収集の申込,必要書類,0,0,40,1,legacy_unknown
,2026-08-17,2026-08-18,131113,大田区,sodaigomi,粗大ごみ収集の申込,必要書類,0,0,40,1,legacy_unknown
,2026-08-17,2026-08-17,131113,大田区,sodaigomi,粗大ごみ収集の申込,手数料,0,0,40,1,legacy_unknown
,2026-08-17,2026-08-18,131113,大田区,sodaigomi,粗大ごみ収集の申込,手数料,0,0,40,1,legacy_unknown
,2026-08-17,2026-08-17,131113,大田区,sodaigomi,粗大ごみ収集の申込,期限,0,0,40,1,legacy_unknown
,2026-08-17,2026-08-18,131113,大田区,sodaigomi,粗大ごみ収集の申込,期限,0,0,40,1,legacy_unknown
,2026-08-17,2026-08-17,131113,大田区,sodaigomi,粗大ごみ収集の申込,窓口/オンライン可否,20,1,40,1,legacy_unknown
,2026-08-17,2026-08-18,131113,大田区,sodaigomi,粗大ごみ収集の申込,窓口/オンライン可否,20,1,40,1,legacy_unknown
,2026-08-17,2026-08-17,131113,大田区,tennyu,転入届,オンライン明示,0,0,60,3,legacy_unknown
,2026-08-17,2026-08-18,131113,大田区,tennyu,転入届,オンライン明示,0,0,60,3,legacy_unknown
,2026-08-17,2026-08-17,131113,大田区,tennyu,転入届,必要書類,20,1,60,3,legacy_unknown
,2026-08-17,2026-08-18,131113,大田区,tennyu,転入届,必要書類,20,1,60,3,legacy_unknown
,2026-08-17,2026-08-17,131113,大田区,tennyu,転入届,手数料,0,0,60,3,legacy_unknown
,2026-08-17,2026-08-18,131113,大田区,tennyu,転入届,手数料,0,0,60,3,legacy_unknown
,2026-08-17,2026-08-17,131113,大田区,tennyu,転入届,期限,20,1,60,3,legacy_unknown
,2026-08-17,2026-08-18,131113,大田区,tennyu,転入届,期限,20,1,60,3,legacy_unknown
,2026-08-17,2026-08-17,131113,大田区,tennyu,転入届,窓口/オンライン可否,20,1,60,3,legacy_unknown
,2026-08-17,2026-08-18,131113,大田区,tennyu,転入届,窓口/オンライン可否,20,1,60,3,legacy_unknown
,2026-08-17,2026-08-17,131121,世田谷区,jidouteate,児童手当の申請,オンライン明示,0,0,0,3,legacy_unknown
,2026-08-17,2026-08-18,131121,世田谷区,jidouteate,児童手当の申請,オンライン明示,0,0,0,3,legacy_unknown
,2026-08-17,2026-08-17,131121,世田谷区,jidouteate,児童手当の申請,必要書類,0,0,0,3,legacy_unknown
,2026-08-17,2026-08-18,131121,世田谷区,jidouteate,児童手当の申請,必要書類,0,0,0,3,legacy_unknown
,2026-08-17,2026-08-17,131121,世田谷区,jidouteate,児童手当の申請,手数料,0,0,0,3,legacy_unknown
,2026-08-17,2026-08-18,131121,世田谷区,jidouteate,児童手当の申請,手数料,0,0,0,3,legacy_unknown
,2026-08-17,2026-08-17,131121,世田谷区,jidouteate,児童手当の申請,期限,0,0,0,3,legacy_unknown
,2026-08-17,2026-08-18,131121,世田谷区,jidouteate,児童手当の申請,期限,0,0,0,3,legacy_unknown
,2026-08-17,2026-08-17,131121,世田谷区,jidouteate,児童手当の申請,窓口/オンライン可否,0,0,0,3,legacy_unknown
,2026-08-17,2026-08-18,131121,世田谷区,jidouteate,児童手当の申請,窓口/オンライン可否,0,0,0,3,legacy_unknown
,2026-08-17,2026-08-17,131121,世田谷区,sodaigomi,粗大ごみ収集の申込,オンライン明示,0,0,0,1,legacy_unknown
,2026-08-17,2026-08-18,131121,世田谷区,sodaigomi,粗大ごみ収集の申込,オンライン明示,0,0,0,1,legacy_unknown
,2026-08-17,2026-08-17,131121,世田谷区,sodaigomi,粗大ごみ収集の申込,必要書類,0,0,0,1,legacy_unknown
,2026-08-17,2026-08-18,131121,世田谷区,sodaigomi,粗大ごみ収集の申込,必要書類,0,0,0,1,legacy_unknown
,2026-08-17,2026-08-17,131121,世田谷区,sodaigomi,粗大ごみ収集の申込,手数料,0,0,0,1,legacy_unknown
,2026-08-17,2026-08-18,131121,世田谷区,sodaigomi,粗大ごみ収集の申込,手数料,0,0,0,1,legacy_unknown
,2026-08-17,2026-08-17,131121,世田谷区,sodaigomi,粗大ごみ収集の申込,期限,0,0,0,1,legacy_unknown
,2026-08-17,2026-08-18,131121,世田谷区,sodaigomi,粗大ごみ収集の申込,期限,0,0,0,1,legacy_unknown
,2026-08-17,2026-08-17,131121,世田谷区,sodaigomi,粗大ごみ収集の申込,窓口/オンライン可否,0,0,0,1,legacy_unknown
,2026-08-17,2026-08-18,131121,世田谷区,sodaigomi,粗大ごみ収集の申込,窓口/オンライン可否,0,0,0,1,legacy_unknown
,2026-08-17,2026-08-17,131121,世田谷区,tennyu,転入届,オンライン明示,0,0,0,1,legacy_unknown
,2026-08-17,2026-08-18,131121,世田谷区,tennyu,転入届,オンライン明示,0,0,0,1,legacy_unknown
,2026-08-17,2026-08-17,131121,世田谷区,tennyu,転入届,必要書類,0,0,0,1,legacy_unknown
,2026-08-17,2026-08-18,131121,世田谷区,tennyu,転入届,必要書類,0,0,0,1,legacy_unknown
,2026-08-17,2026-08-17,131121,世田谷区,tennyu,転入届,手数料,0,0,0,1,legacy_unknown
,2026-08-17,2026-08-18,131121,世田谷区,tennyu,転入届,手数料,0,0,0,1,legacy_unknown
,2026-08-17,2026-08-17,131121,世田谷区,tennyu,転入届,期限,0,0,0,1,legacy_unknown
,2026-08-17,2026-08-18,131121,世田谷区,tennyu,転入届,期限,0,0,0,1,legacy_unknown
,2026-08-17,2026-08-17,131121,世田谷区,tennyu,転入届,窓口/オンライン可否,0,0,0,1,legacy_unknown
,2026-08-17,2026-08-18,131121,世田谷区,tennyu,転入届,窓口/オンライン可否,0,0,0,1,legacy_unknown
,2026-08-17,2026-08-17,131130,渋谷区,jidouteate,児童手当の申請,オンライン明示,20,1,80,2,legacy_unknown
,2026-08-17,2026-08-18,131130,渋谷区,jidouteate,児童手当の申請,オンライン明示,20,1,80,2,legacy_unknown
,2026-08-17,2026-08-17,131130,渋谷区,jidouteate,児童手当の申請,必要書類,20,1,80,2,legacy_unknown
,2026-08-17,2026-08-18,131130,渋谷区,jidouteate,児童手当の申請,必要書類,20,1,80,2,legacy_unknown
,2026-08-17,2026-08-17,131130,渋谷区,jidouteate,児童手当の申請,手数料,0,0,80,2,legacy_unknown
,2026-08-17,2026-08-18,131130,渋谷区,jidouteate,児童手当の申請,手数料,0,0,80,2,legacy_unknown
,2026-08-17,2026-08-17,131130,渋谷区,jidouteate,児童手当の申請,期限,20,1,80,2,legacy_unknown
,2026-08-17,2026-08-18,131130,渋谷区,jidouteate,児童手当の申請,期限,20,1,80,2,legacy_unknown
,2026-08-17,2026-08-17,131130,渋谷区,jidouteate,児童手当の申請,窓口/オンライン可否,20,1,80,2,legacy_unknown
,2026-08-17,2026-08-18,131130,渋谷区,jidouteate,児童手当の申請,窓口/オンライン可否,20,1,80,2,legacy_unknown
,2026-08-17,2026-08-17,131130,渋谷区,sodaigomi,粗大ごみ収集の申込,オンライン明示,20,1,60,1,legacy_unknown
,2026-08-17,2026-08-18,131130,渋谷区,sodaigomi,粗大ごみ収集の申込,オンライン明示,20,1,60,1,legacy_unknown
,2026-08-17,2026-08-17,131130,渋谷区,sodaigomi,粗大ごみ収集の申込,必要書類,0,0,60,1,legacy_unknown
,2026-08-17,2026-08-18,131130,渋谷区,sodaigomi,粗大ごみ収集の申込,必要書類,0,0,60,1,legacy_unknown
,2026-08-17,2026-08-17,131130,渋谷区,sodaigomi,粗大ごみ収集の申込,手数料,20,1,60,1,legacy_unknown
,2026-08-17,2026-08-18,131130,渋谷区,sodaigomi,粗大ごみ収集の申込,手数料,20,1,60,1,legacy_unknown
,2026-08-17,2026-08-17,131130,渋谷区,sodaigomi,粗大ごみ収集の申込,期限,0,0,60,1,legacy_unknown
,2026-08-17,2026-08-18,131130,渋谷区,sodaigomi,粗大ごみ収集の申込,期限,0,0,60,1,legacy_unknown
,2026-08-17,2026-08-17,131130,渋谷区,sodaigomi,粗大ごみ収集の申込,窓口/オンライン可否,20,1,60,1,legacy_unknown
,2026-08-17,2026-08-18,131130,渋谷区,sodaigomi,粗大ごみ収集の申込,窓口/オンライン可否,20,1,60,1,legacy_unknown
,2026-08-17,2026-08-17,131130,渋谷区,tennyu,転入届,オンライン明示,20,1,80,2,legacy_unknown
,2026-08-17,2026-08-18,131130,渋谷区,tennyu,転入届,オンライン明示,20,1,80,2,legacy_unknown
,2026-08-17,2026-08-17,131130,渋谷区,tennyu,転入届,必要書類,20,1,80,2,legacy_unknown
,2026-08-17,2026-08-18,131130,渋谷区,tennyu,転入届,必要書類,20,1,80,2,legacy_unknown
,2026-08-17,2026-08-17,131130,渋谷区,tennyu,転入届,手数料,0,0,80,2,legacy_unknown
,2026-08-17,2026-08-18,131130,渋谷区,tennyu,転入届,手数料,0,0,80,2,legacy_unknown
,2026-08-17,2026-08-17,131130,渋谷区,tennyu,転入届,期限,20,1,80,2,legacy_unknown
,2026-08-17,2026-08-18,131130,渋谷区,tennyu,転入届,期限,20,1,80,2,legacy_unknown
,2026-08-17,2026-08-17,131130,渋谷区,tennyu,転入届,窓口/オンライン可否,20,1,80,2,legacy_unknown
,2026-08-17,2026-08-18,131130,渋谷区,tennyu,転入届,窓口/オンライン可否,20,1,80,2,legacy_unknown
,2026-08-17,2026-08-17,131148,中野区,jidouteate,児童手当の申請,オンライン明示,20,1,80,2,legacy_unknown
,2026-08-17,2026-08-18,131148,中野区,jidouteate,児童手当の申請,オンライン明示,20,1,80,2,legacy_unknown
,2026-08-17,2026-08-17,131148,中野区,jidouteate,児童手当の申請,必要書類,20,1,80,2,legacy_unknown
,2026-08-17,2026-08-18,131148,中野区,jidouteate,児童手当の申請,必要書類,20,1,80,2,legacy_unknown
,2026-08-17,2026-08-17,131148,中野区,jidouteate,児童手当の申請,手数料,0,0,80,2,legacy_unknown
,2026-08-17,2026-08-18,131148,中野区,jidouteate,児童手当の申請,手数料,0,0,80,2,legacy_unknown
,2026-08-17,2026-08-17,131148,中野区,jidouteate,児童手当の申請,期限,20,1,80,2,legacy_unknown
,2026-08-17,2026-08-18,131148,中野区,jidouteate,児童手当の申請,期限,20,1,80,2,legacy_unknown
,2026-08-17,2026-08-17,131148,中野区,jidouteate,児童手当の申請,窓口/オンライン可否,20,1,80,2,legacy_unknown
,2026-08-17,2026-08-18,131148,中野区,jidouteate,児童手当の申請,窓口/オンライン可否,20,1,80,2,legacy_unknown
,2026-08-17,2026-08-17,131148,中野区,sodaigomi,粗大ごみ収集の申込,オンライン明示,10,0,50,2,legacy_unknown
,2026-08-17,2026-08-18,131148,中野区,sodaigomi,粗大ごみ収集の申込,オンライン明示,10,0,50,2,legacy_unknown
,2026-08-17,2026-08-17,131148,中野区,sodaigomi,粗大ごみ収集の申込,必要書類,0,0,50,2,legacy_unknown
,2026-08-17,2026-08-18,131148,中野区,sodaigomi,粗大ごみ収集の申込,必要書類,0,0,50,2,legacy_unknown
,2026-08-17,2026-08-17,131148,中野区,sodaigomi,粗大ごみ収集の申込,手数料,20,1,50,2,legacy_unknown
,2026-08-17,2026-08-18,131148,中野区,sodaigomi,粗大ごみ収集の申込,手数料,20,1,50,2,legacy_unknown
,2026-08-17,2026-08-17,131148,中野区,sodaigomi,粗大ごみ収集の申込,期限,0,0,50,2,legacy_unknown
,2026-08-17,2026-08-18,131148,中野区,sodaigomi,粗大ごみ収集の申込,期限,0,0,50,2,legacy_unknown
,2026-08-17,2026-08-17,131148,中野区,sodaigomi,粗大ごみ収集の申込,窓口/オンライン可否,20,1,50,2,legacy_unknown
,2026-08-17,2026-08-18,131148,中野区,sodaigomi,粗大ごみ収集の申込,窓口/オンライン可否,20,1,50,2,legacy_unknown
,2026-08-17,2026-08-17,131148,中野区,tennyu,転入届,オンライン明示,10,0,70,2,legacy_unknown
,2026-08-17,2026-08-18,131148,中野区,tennyu,転入届,オンライン明示,10,0,70,2,legacy_unknown
,2026-08-17,2026-08-17,131148,中野区,tennyu,転入届,必要書類,20,1,70,2,legacy_unknown
,2026-08-17,2026-08-18,131148,中野区,tennyu,転入届,必要書類,20,1,70,2,legacy_unknown
,2026-08-17,2026-08-17,131148,中野区,tennyu,転入届,手数料,0,0,70,2,legacy_unknown
,2026-08-17,2026-08-18,131148,中野区,tennyu,転入届,手数料,0,0,70,2,legacy_unknown
,2026-08-17,2026-08-17,131148,中野区,tennyu,転入届,期限,20,1,70,2,legacy_unknown
,2026-08-17,2026-08-18,131148,中野区,tennyu,転入届,期限,20,1,70,2,legacy_unknown
,2026-08-17,2026-08-17,131148,中野区,tennyu,転入届,窓口/オンライン可否,20,1,70,2,legacy_unknown
,2026-08-17,2026-08-18,131148,中野区,tennyu,転入届,窓口/オンライン可否,20,1,70,2,legacy_unknown
,2026-08-17,2026-08-17,131156,杉並区,jidouteate,児童手当の申請,オンライン明示,20,1,80,3,legacy_unknown
,2026-08-17,2026-08-18,131156,杉並区,jidouteate,児童手当の申請,オンライン明示,20,1,80,3,legacy_unknown
,2026-08-17,2026-08-17,131156,杉並区,jidouteate,児童手当の申請,必要書類,20,1,80,3,legacy_unknown
,2026-08-17,2026-08-18,131156,杉並区,jidouteate,児童手当の申請,必要書類,20,1,80,3,legacy_unknown
,2026-08-17,2026-08-17,131156,杉並区,jidouteate,児童手当の申請,手数料,0,0,80,3,legacy_unknown
,2026-08-17,2026-08-18,131156,杉並区,jidouteate,児童手当の申請,手数料,0,0,80,3,legacy_unknown
,2026-08-17,2026-08-17,131156,杉並区,jidouteate,児童手当の申請,期限,20,1,80,3,legacy_unknown
,2026-08-17,2026-08-18,131156,杉並区,jidouteate,児童手当の申請,期限,20,1,80,3,legacy_unknown
,2026-08-17,2026-08-17,131156,杉並区,jidouteate,児童手当の申請,窓口/オンライン可否,20,1,80,3,legacy_unknown
,2026-08-17,2026-08-18,131156,杉並区,jidouteate,児童手当の申請,窓口/オンライン可否,20,1,80,3,legacy_unknown
,2026-08-17,2026-08-17,131156,杉並区,sodaigomi,粗大ごみ収集の申込,オンライン明示,20,1,40,1,legacy_unknown
,2026-08-17,2026-08-18,131156,杉並区,sodaigomi,粗大ごみ収集の申込,オンライン明示,20,1,40,1,legacy_unknown
,2026-08-17,2026-08-17,131156,杉並区,sodaigomi,粗大ごみ収集の申込,必要書類,0,0,40,1,legacy_unknown
,2026-08-17,2026-08-18,131156,杉並区,sodaigomi,粗大ごみ収集の申込,必要書類,0,0,40,1,legacy_unknown
,2026-08-17,2026-08-17,131156,杉並区,sodaigomi,粗大ごみ収集の申込,手数料,0,0,40,1,legacy_unknown
,2026-08-17,2026-08-18,131156,杉並区,sodaigomi,粗大ごみ収集の申込,手数料,0,0,40,1,legacy_unknown
,2026-08-17,2026-08-17,131156,杉並区,sodaigomi,粗大ごみ収集の申込,期限,0,0,40,1,legacy_unknown
,2026-08-17,2026-08-18,131156,杉並区,sodaigomi,粗大ごみ収集の申込,期限,0,0,40,1,legacy_unknown
,2026-08-17,2026-08-17,131156,杉並区,sodaigomi,粗大ごみ収集の申込,窓口/オンライン可否,20,1,40,1,legacy_unknown
,2026-08-17,2026-08-18,131156,杉並区,sodaigomi,粗大ごみ収集の申込,窓口/オンライン可否,20,1,40,1,legacy_unknown
,2026-08-17,2026-08-17,131156,杉並区,tennyu,転入届,オンライン明示,20,1,80,3,legacy_unknown
,2026-08-17,2026-08-18,131156,杉並区,tennyu,転入届,オンライン明示,20,1,80,3,legacy_unknown
,2026-08-17,2026-08-17,131156,杉並区,tennyu,転入届,必要書類,20,1,80,3,legacy_unknown
,2026-08-17,2026-08-18,131156,杉並区,tennyu,転入届,必要書類,20,1,80,3,legacy_unknown
,2026-08-17,2026-08-17,131156,杉並区,tennyu,転入届,手数料,0,0,80,3,legacy_unknown
,2026-08-17,2026-08-18,131156,杉並区,tennyu,転入届,手数料,0,0,80,3,legacy_unknown
,2026-08-17,2026-08-17,131156,杉並区,tennyu,転入届,期限,20,1,80,3,legacy_unknown
,2026-08-17,2026-08-18,131156,杉並区,tennyu,転入届,期限,20,1,80,3,legacy_unknown
,2026-08-17,2026-08-17,131156,杉並区,tennyu,転入届,窓口/オンライン可否,20,1,80,3,legacy_unknown
,2026-08-17,2026-08-18,131156,杉並区,tennyu,転入届,窓口/オンライン可否,20,1,80,3,legacy_unknown
,2026-08-17,2026-08-17,131164,豊島区,jidouteate,児童手当の申請,オンライン明示,0,0,0,2,legacy_unknown
,2026-08-17,2026-08-18,131164,豊島区,jidouteate,児童手当の申請,オンライン明示,0,0,0,2,legacy_unknown
,2026-08-17,2026-08-17,131164,豊島区,jidouteate,児童手当の申請,必要書類,0,0,0,2,legacy_unknown
,2026-08-17,2026-08-18,131164,豊島区,jidouteate,児童手当の申請,必要書類,0,0,0,2,legacy_unknown
,2026-08-17,2026-08-17,131164,豊島区,jidouteate,児童手当の申請,手数料,0,0,0,2,legacy_unknown
,2026-08-17,2026-08-18,131164,豊島区,jidouteate,児童手当の申請,手数料,0,0,0,2,legacy_unknown
,2026-08-17,2026-08-17,131164,豊島区,jidouteate,児童手当の申請,期限,0,0,0,2,legacy_unknown
,2026-08-17,2026-08-18,131164,豊島区,jidouteate,児童手当の申請,期限,0,0,0,2,legacy_unknown
,2026-08-17,2026-08-17,131164,豊島区,jidouteate,児童手当の申請,窓口/オンライン可否,0,0,0,2,legacy_unknown
,2026-08-17,2026-08-18,131164,豊島区,jidouteate,児童手当の申請,窓口/オンライン可否,0,0,0,2,legacy_unknown
,2026-08-17,2026-08-17,131164,豊島区,sodaigomi,粗大ごみ収集の申込,オンライン明示,20,1,60,2,legacy_unknown
,2026-08-17,2026-08-18,131164,豊島区,sodaigomi,粗大ごみ収集の申込,オンライン明示,20,1,60,2,legacy_unknown
,2026-08-17,2026-08-17,131164,豊島区,sodaigomi,粗大ごみ収集の申込,必要書類,0,0,60,2,legacy_unknown
,2026-08-17,2026-08-18,131164,豊島区,sodaigomi,粗大ごみ収集の申込,必要書類,0,0,60,2,legacy_unknown
,2026-08-17,2026-08-17,131164,豊島区,sodaigomi,粗大ごみ収集の申込,手数料,20,1,60,2,legacy_unknown
,2026-08-17,2026-08-18,131164,豊島区,sodaigomi,粗大ごみ収集の申込,手数料,20,1,60,2,legacy_unknown
,2026-08-17,2026-08-17,131164,豊島区,sodaigomi,粗大ごみ収集の申込,期限,0,0,60,2,legacy_unknown
,2026-08-17,2026-08-18,131164,豊島区,sodaigomi,粗大ごみ収集の申込,期限,0,0,60,2,legacy_unknown
,2026-08-17,2026-08-17,131164,豊島区,sodaigomi,粗大ごみ収集の申込,窓口/オンライン可否,20,1,60,2,legacy_unknown
,2026-08-17,2026-08-18,131164,豊島区,sodaigomi,粗大ごみ収集の申込,窓口/オンライン可否,20,1,60,2,legacy_unknown
,2026-08-17,2026-08-17,131164,豊島区,tennyu,転入届,オンライン明示,20,1,80,2,legacy_unknown
,2026-08-17,2026-08-18,131164,豊島区,tennyu,転入届,オンライン明示,20,1,80,2,legacy_unknown
,2026-08-17,2026-08-17,131164,豊島区,tennyu,転入届,必要書類,20,1,80,2,legacy_unknown
,2026-08-17,2026-08-18,131164,豊島区,tennyu,転入届,必要書類,20,1,80,2,legacy_unknown
,2026-08-17,2026-08-17,131164,豊島区,tennyu,転入届,手数料,0,0,80,2,legacy_unknown
,2026-08-17,2026-08-18,131164,豊島区,tennyu,転入届,手数料,0,0,80,2,legacy_unknown
,2026-08-17,2026-08-17,131164,豊島区,tennyu,転入届,期限,20,1,80,2,legacy_unknown
,2026-08-17,2026-08-18,131164,豊島区,tennyu,転入届,期限,20,1,80,2,legacy_unknown
,2026-08-17,2026-08-17,131164,豊島区,tennyu,転入届,窓口/オンライン可否,20,1,80,2,legacy_unknown
,2026-08-17,2026-08-18,131164,豊島区,tennyu,転入届,窓口/オンライン可否,20,1,80,2,legacy_unknown
,2026-08-17,2026-08-17,131172,北区,jidouteate,児童手当の申請,オンライン明示,0,0,0,2,legacy_unknown
,2026-08-17,2026-08-18,131172,北区,jidouteate,児童手当の申請,オンライン明示,0,0,0,2,legacy_unknown
,2026-08-17,2026-08-17,131172,北区,jidouteate,児童手当の申請,必要書類,0,0,0,2,legacy_unknown
,2026-08-17,2026-08-18,131172,北区,jidouteate,児童手当の申請,必要書類,0,0,0,2,legacy_unknown
,2026-08-17,2026-08-17,131172,北区,jidouteate,児童手当の申請,手数料,0,0,0,2,legacy_unknown
,2026-08-17,2026-08-18,131172,北区,jidouteate,児童手当の申請,手数料,0,0,0,2,legacy_unknown
,2026-08-17,2026-08-17,131172,北区,jidouteate,児童手当の申請,期限,0,0,0,2,legacy_unknown
,2026-08-17,2026-08-18,131172,北区,jidouteate,児童手当の申請,期限,0,0,0,2,legacy_unknown
,2026-08-17,2026-08-17,131172,北区,jidouteate,児童手当の申請,窓口/オンライン可否,0,0,0,2,legacy_unknown
,2026-08-17,2026-08-18,131172,北区,jidouteate,児童手当の申請,窓口/オンライン可否,0,0,0,2,legacy_unknown
,2026-08-17,2026-08-17,131172,北区,sodaigomi,粗大ごみ収集の申込,オンライン明示,0,0,0,2,legacy_unknown
,2026-08-17,2026-08-18,131172,北区,sodaigomi,粗大ごみ収集の申込,オンライン明示,0,0,0,2,legacy_unknown
,2026-08-17,2026-08-17,131172,北区,sodaigomi,粗大ごみ収集の申込,必要書類,0,0,0,2,legacy_unknown
,2026-08-17,2026-08-18,131172,北区,sodaigomi,粗大ごみ収集の申込,必要書類,0,0,0,2,legacy_unknown
,2026-08-17,2026-08-17,131172,北区,sodaigomi,粗大ごみ収集の申込,手数料,0,0,0,2,legacy_unknown
,2026-08-17,2026-08-18,131172,北区,sodaigomi,粗大ごみ収集の申込,手数料,0,0,0,2,legacy_unknown
,2026-08-17,2026-08-17,131172,北区,sodaigomi,粗大ごみ収集の申込,期限,0,0,0,2,legacy_unknown
,2026-08-17,2026-08-18,131172,北区,sodaigomi,粗大ごみ収集の申込,期限,0,0,0,2,legacy_unknown
,2026-08-17,2026-08-17,131172,北区,sodaigomi,粗大ごみ収集の申込,窓口/オンライン可否,0,0,0,2,legacy_unknown
,2026-08-17,2026-08-18,131172,北区,sodaigomi,粗大ごみ収集の申込,窓口/オンライン可否,0,0,0,2,legacy_unknown
,2026-08-17,2026-08-17,131172,北区,tennyu,転入届,オンライン明示,0,0,60,2,legacy_unknown
,2026-08-17,2026-08-18,131172,北区,tennyu,転入届,オンライン明示,0,0,60,2,legacy_unknown
,2026-08-17,2026-08-17,131172,北区,tennyu,転入届,必要書類,20,1,60,2,legacy_unknown
,2026-08-17,2026-08-18,131172,北区,tennyu,転入届,必要書類,20,1,60,2,legacy_unknown
,2026-08-17,2026-08-17,131172,北区,tennyu,転入届,手数料,0,0,60,2,legacy_unknown
,2026-08-17,2026-08-18,131172,北区,tennyu,転入届,手数料,0,0,60,2,legacy_unknown
,2026-08-17,2026-08-17,131172,北区,tennyu,転入届,期限,20,1,60,2,legacy_unknown
,2026-08-17,2026-08-18,131172,北区,tennyu,転入届,期限,20,1,60,2,legacy_unknown
,2026-08-17,2026-08-17,131172,北区,tennyu,転入届,窓口/オンライン可否,20,1,60,2,legacy_unknown
,2026-08-17,2026-08-18,131172,北区,tennyu,転入届,窓口/オンライン可否,20,1,60,2,legacy_unknown
,2026-08-17,2026-08-17,131181,荒川区,jidouteate,児童手当の申請,オンライン明示,20,1,80,3,legacy_unknown
,2026-08-17,2026-08-18,131181,荒川区,jidouteate,児童手当の申請,オンライン明示,20,1,80,3,legacy_unknown
,2026-08-17,2026-08-17,131181,荒川区,jidouteate,児童手当の申請,必要書類,20,1,80,3,legacy_unknown
,2026-08-17,2026-08-18,131181,荒川区,jidouteate,児童手当の申請,必要書類,20,1,80,3,legacy_unknown
,2026-08-17,2026-08-17,131181,荒川区,jidouteate,児童手当の申請,手数料,0,0,80,3,legacy_unknown
,2026-08-17,2026-08-18,131181,荒川区,jidouteate,児童手当の申請,手数料,0,0,80,3,legacy_unknown
,2026-08-17,2026-08-17,131181,荒川区,jidouteate,児童手当の申請,期限,20,1,80,3,legacy_unknown
,2026-08-17,2026-08-18,131181,荒川区,jidouteate,児童手当の申請,期限,20,1,80,3,legacy_unknown
,2026-08-17,2026-08-17,131181,荒川区,jidouteate,児童手当の申請,窓口/オンライン可否,20,1,80,3,legacy_unknown
,2026-08-17,2026-08-18,131181,荒川区,jidouteate,児童手当の申請,窓口/オンライン可否,20,1,80,3,legacy_unknown
,2026-08-17,2026-08-17,131181,荒川区,sodaigomi,粗大ごみ収集の申込,オンライン明示,20,1,60,2,legacy_unknown
,2026-08-17,2026-08-18,131181,荒川区,sodaigomi,粗大ごみ収集の申込,オンライン明示,20,1,60,2,legacy_unknown
,2026-08-17,2026-08-17,131181,荒川区,sodaigomi,粗大ごみ収集の申込,必要書類,0,0,60,2,legacy_unknown
,2026-08-17,2026-08-18,131181,荒川区,sodaigomi,粗大ごみ収集の申込,必要書類,0,0,60,2,legacy_unknown
,2026-08-17,2026-08-17,131181,荒川区,sodaigomi,粗大ごみ収集の申込,手数料,20,1,60,2,legacy_unknown
,2026-08-17,2026-08-18,131181,荒川区,sodaigomi,粗大ごみ収集の申込,手数料,20,1,60,2,legacy_unknown
,2026-08-17,2026-08-17,131181,荒川区,sodaigomi,粗大ごみ収集の申込,期限,0,0,60,2,legacy_unknown
,2026-08-17,2026-08-18,131181,荒川区,sodaigomi,粗大ごみ収集の申込,期限,0,0,60,2,legacy_unknown
,2026-08-17,2026-08-17,131181,荒川区,sodaigomi,粗大ごみ収集の申込,窓口/オンライン可否,20,1,60,2,legacy_unknown
,2026-08-17,2026-08-18,131181,荒川区,sodaigomi,粗大ごみ収集の申込,窓口/オンライン可否,20,1,60,2,legacy_unknown
,2026-08-17,2026-08-17,131181,荒川区,tennyu,転入届,オンライン明示,0,0,0,1,legacy_unknown
,2026-08-17,2026-08-18,131181,荒川区,tennyu,転入届,オンライン明示,0,0,0,1,legacy_unknown
,2026-08-17,2026-08-17,131181,荒川区,tennyu,転入届,必要書類,0,0,0,1,legacy_unknown
,2026-08-17,2026-08-18,131181,荒川区,tennyu,転入届,必要書類,0,0,0,1,legacy_unknown
,2026-08-17,2026-08-17,131181,荒川区,tennyu,転入届,手数料,0,0,0,1,legacy_unknown
,2026-08-17,2026-08-18,131181,荒川区,tennyu,転入届,手数料,0,0,0,1,legacy_unknown
,2026-08-17,2026-08-17,131181,荒川区,tennyu,転入届,期限,0,0,0,1,legacy_unknown
,2026-08-17,2026-08-18,131181,荒川区,tennyu,転入届,期限,0,0,0,1,legacy_unknown
,2026-08-17,2026-08-17,131181,荒川区,tennyu,転入届,窓口/オンライン可否,0,0,0,1,legacy_unknown
,2026-08-17,2026-08-18,131181,荒川区,tennyu,転入届,窓口/オンライン可否,0,0,0,1,legacy_unknown
,2026-08-17,2026-08-17,131199,板橋区,jidouteate,児童手当の申請,オンライン明示,20,1,80,3,legacy_unknown
,2026-08-17,2026-08-18,131199,板橋区,jidouteate,児童手当の申請,オンライン明示,20,1,80,3,legacy_unknown
,2026-08-17,2026-08-17,131199,板橋区,jidouteate,児童手当の申請,必要書類,20,1,80,3,legacy_unknown
,2026-08-17,2026-08-18,131199,板橋区,jidouteate,児童手当の申請,必要書類,20,1,80,3,legacy_unknown
,2026-08-17,2026-08-17,131199,板橋区,jidouteate,児童手当の申請,手数料,0,0,80,3,legacy_unknown
,2026-08-17,2026-08-18,131199,板橋区,jidouteate,児童手当の申請,手数料,0,0,80,3,legacy_unknown
,2026-08-17,2026-08-17,131199,板橋区,jidouteate,児童手当の申請,期限,20,1,80,3,legacy_unknown
,2026-08-17,2026-08-18,131199,板橋区,jidouteate,児童手当の申請,期限,20,1,80,3,legacy_unknown
,2026-08-17,2026-08-17,131199,板橋区,jidouteate,児童手当の申請,窓口/オンライン可否,20,1,80,3,legacy_unknown
,2026-08-17,2026-08-18,131199,板橋区,jidouteate,児童手当の申請,窓口/オンライン可否,20,1,80,3,legacy_unknown
,2026-08-17,2026-08-17,131199,板橋区,sodaigomi,粗大ごみ収集の申込,オンライン明示,20,1,60,3,legacy_unknown
,2026-08-17,2026-08-18,131199,板橋区,sodaigomi,粗大ごみ収集の申込,オンライン明示,20,1,60,3,legacy_unknown
,2026-08-17,2026-08-17,131199,板橋区,sodaigomi,粗大ごみ収集の申込,必要書類,0,0,60,3,legacy_unknown
,2026-08-17,2026-08-18,131199,板橋区,sodaigomi,粗大ごみ収集の申込,必要書類,0,0,60,3,legacy_unknown
,2026-08-17,2026-08-17,131199,板橋区,sodaigomi,粗大ごみ収集の申込,手数料,20,1,60,3,legacy_unknown
,2026-08-17,2026-08-18,131199,板橋区,sodaigomi,粗大ごみ収集の申込,手数料,20,1,60,3,legacy_unknown
,2026-08-17,2026-08-17,131199,板橋区,sodaigomi,粗大ごみ収集の申込,期限,0,0,60,3,legacy_unknown
,2026-08-17,2026-08-18,131199,板橋区,sodaigomi,粗大ごみ収集の申込,期限,0,0,60,3,legacy_unknown
,2026-08-17,2026-08-17,131199,板橋区,sodaigomi,粗大ごみ収集の申込,窓口/オンライン可否,20,1,60,3,legacy_unknown
,2026-08-17,2026-08-18,131199,板橋区,sodaigomi,粗大ごみ収集の申込,窓口/オンライン可否,20,1,60,3,legacy_unknown
,2026-08-17,2026-08-17,131199,板橋区,tennyu,転入届,オンライン明示,20,1,80,2,legacy_unknown
,2026-08-17,2026-08-18,131199,板橋区,tennyu,転入届,オンライン明示,20,1,80,2,legacy_unknown
,2026-08-17,2026-08-17,131199,板橋区,tennyu,転入届,必要書類,20,1,80,2,legacy_unknown
,2026-08-17,2026-08-18,131199,板橋区,tennyu,転入届,必要書類,20,1,80,2,legacy_unknown
,2026-08-17,2026-08-17,131199,板橋区,tennyu,転入届,手数料,0,0,80,2,legacy_unknown
,2026-08-17,2026-08-18,131199,板橋区,tennyu,転入届,手数料,0,0,80,2,legacy_unknown
,2026-08-17,2026-08-17,131199,板橋区,tennyu,転入届,期限,20,1,80,2,legacy_unknown
,2026-08-17,2026-08-18,131199,板橋区,tennyu,転入届,期限,20,1,80,2,legacy_unknown
,2026-08-17,2026-08-17,131199,板橋区,tennyu,転入届,窓口/オンライン可否,20,1,80,2,legacy_unknown
,2026-08-17,2026-08-18,131199,板橋区,tennyu,転入届,窓口/オンライン可否,20,1,80,2,legacy_unknown
,2026-08-17,2026-08-17,131202,練馬区,jidouteate,児童手当の申請,オンライン明示,20,1,80,3,legacy_unknown
,2026-08-17,2026-08-18,131202,練馬区,jidouteate,児童手当の申請,オンライン明示,20,1,80,3,legacy_unknown
,2026-08-17,2026-08-17,131202,練馬区,jidouteate,児童手当の申請,必要書類,20,1,80,3,legacy_unknown
,2026-08-17,2026-08-18,131202,練馬区,jidouteate,児童手当の申請,必要書類,20,1,80,3,legacy_unknown
,2026-08-17,2026-08-17,131202,練馬区,jidouteate,児童手当の申請,手数料,0,0,80,3,legacy_unknown
,2026-08-17,2026-08-18,131202,練馬区,jidouteate,児童手当の申請,手数料,0,0,80,3,legacy_unknown
,2026-08-17,2026-08-17,131202,練馬区,jidouteate,児童手当の申請,期限,20,1,80,3,legacy_unknown
,2026-08-17,2026-08-18,131202,練馬区,jidouteate,児童手当の申請,期限,20,1,80,3,legacy_unknown
,2026-08-17,2026-08-17,131202,練馬区,jidouteate,児童手当の申請,窓口/オンライン可否,20,1,80,3,legacy_unknown
,2026-08-17,2026-08-18,131202,練馬区,jidouteate,児童手当の申請,窓口/オンライン可否,20,1,80,3,legacy_unknown
,2026-08-17,2026-08-17,131202,練馬区,sodaigomi,粗大ごみ収集の申込,オンライン明示,20,1,40,2,legacy_unknown
,2026-08-17,2026-08-18,131202,練馬区,sodaigomi,粗大ごみ収集の申込,オンライン明示,20,1,40,2,legacy_unknown
,2026-08-17,2026-08-17,131202,練馬区,sodaigomi,粗大ごみ収集の申込,必要書類,0,0,40,2,legacy_unknown
,2026-08-17,2026-08-18,131202,練馬区,sodaigomi,粗大ごみ収集の申込,必要書類,0,0,40,2,legacy_unknown
,2026-08-17,2026-08-17,131202,練馬区,sodaigomi,粗大ごみ収集の申込,手数料,0,0,40,2,legacy_unknown
,2026-08-17,2026-08-18,131202,練馬区,sodaigomi,粗大ごみ収集の申込,手数料,0,0,40,2,legacy_unknown
,2026-08-17,2026-08-17,131202,練馬区,sodaigomi,粗大ごみ収集の申込,期限,0,0,40,2,legacy_unknown
,2026-08-17,2026-08-18,131202,練馬区,sodaigomi,粗大ごみ収集の申込,期限,0,0,40,2,legacy_unknown
,2026-08-17,2026-08-17,131202,練馬区,sodaigomi,粗大ごみ収集の申込,窓口/オンライン可否,20,1,40,2,legacy_unknown
,2026-08-17,2026-08-18,131202,練馬区,sodaigomi,粗大ごみ収集の申込,窓口/オンライン可否,20,1,40,2,legacy_unknown
,2026-08-17,2026-08-17,131202,練馬区,tennyu,転入届,オンライン明示,20,1,80,2,legacy_unknown
,2026-08-17,2026-08-18,131202,練馬区,tennyu,転入届,オンライン明示,20,1,80,2,legacy_unknown
,2026-08-17,2026-08-17,131202,練馬区,tennyu,転入届,必要書類,20,1,80,2,legacy_unknown
,2026-08-17,2026-08-18,131202,練馬区,tennyu,転入届,必要書類,20,1,80,2,legacy_unknown
,2026-08-17,2026-08-17,131202,練馬区,tennyu,転入届,手数料,0,0,80,2,legacy_unknown
,2026-08-17,2026-08-18,131202,練馬区,tennyu,転入届,手数料,0,0,80,2,legacy_unknown
,2026-08-17,2026-08-17,131202,練馬区,tennyu,転入届,期限,20,1,80,2,legacy_unknown
,2026-08-17,2026-08-18,131202,練馬区,tennyu,転入届,期限,20,1,80,2,legacy_unknown
,2026-08-17,2026-08-17,131202,練馬区,tennyu,転入届,窓口/オンライン可否,20,1,80,2,legacy_unknown
,2026-08-17,2026-08-18,131202,練馬区,tennyu,転入届,窓口/オンライン可否,20,1,80,2,legacy_unknown
,2026-08-17,2026-08-17,131211,足立区,jidouteate,児童手当の申請,オンライン明示,0,0,60,3,legacy_unknown
,2026-08-17,2026-08-18,131211,足立区,jidouteate,児童手当の申請,オンライン明示,0,0,60,3,legacy_unknown
,2026-08-17,2026-08-17,131211,足立区,jidouteate,児童手当の申請,必要書類,20,1,60,3,legacy_unknown
,2026-08-17,2026-08-18,131211,足立区,jidouteate,児童手当の申請,必要書類,20,1,60,3,legacy_unknown
,2026-08-17,2026-08-17,131211,足立区,jidouteate,児童手当の申請,手数料,0,0,60,3,legacy_unknown
,2026-08-17,2026-08-18,131211,足立区,jidouteate,児童手当の申請,手数料,0,0,60,3,legacy_unknown
,2026-08-17,2026-08-17,131211,足立区,jidouteate,児童手当の申請,期限,20,1,60,3,legacy_unknown
,2026-08-17,2026-08-18,131211,足立区,jidouteate,児童手当の申請,期限,20,1,60,3,legacy_unknown
,2026-08-17,2026-08-17,131211,足立区,jidouteate,児童手当の申請,窓口/オンライン可否,20,1,60,3,legacy_unknown
,2026-08-17,2026-08-18,131211,足立区,jidouteate,児童手当の申請,窓口/オンライン可否,20,1,60,3,legacy_unknown
,2026-08-17,2026-08-17,131211,足立区,sodaigomi,粗大ごみ収集の申込,オンライン明示,0,0,0,2,legacy_unknown
,2026-08-17,2026-08-18,131211,足立区,sodaigomi,粗大ごみ収集の申込,オンライン明示,0,0,0,2,legacy_unknown
,2026-08-17,2026-08-17,131211,足立区,sodaigomi,粗大ごみ収集の申込,必要書類,0,0,0,2,legacy_unknown
,2026-08-17,2026-08-18,131211,足立区,sodaigomi,粗大ごみ収集の申込,必要書類,0,0,0,2,legacy_unknown
,2026-08-17,2026-08-17,131211,足立区,sodaigomi,粗大ごみ収集の申込,手数料,0,0,0,2,legacy_unknown
,2026-08-17,2026-08-18,131211,足立区,sodaigomi,粗大ごみ収集の申込,手数料,0,0,0,2,legacy_unknown
,2026-08-17,2026-08-17,131211,足立区,sodaigomi,粗大ごみ収集の申込,期限,0,0,0,2,legacy_unknown
,2026-08-17,2026-08-18,131211,足立区,sodaigomi,粗大ごみ収集の申込,期限,0,0,0,2,legacy_unknown
,2026-08-17,2026-08-17,131211,足立区,sodaigomi,粗大ごみ収集の申込,窓口/オンライン可否,0,0,0,2,legacy_unknown
,2026-08-17,2026-08-18,131211,足立区,sodaigomi,粗大ごみ収集の申込,窓口/オンライン可否,0,0,0,2,legacy_unknown
,2026-08-17,2026-08-17,131211,足立区,tennyu,転入届,オンライン明示,20,1,80,3,legacy_unknown
,2026-08-17,2026-08-18,131211,足立区,tennyu,転入届,オンライン明示,20,1,80,3,legacy_unknown
,2026-08-17,2026-08-17,131211,足立区,tennyu,転入届,必要書類,20,1,80,3,legacy_unknown
,2026-08-17,2026-08-18,131211,足立区,tennyu,転入届,必要書類,20,1,80,3,legacy_unknown
,2026-08-17,2026-08-17,131211,足立区,tennyu,転入届,手数料,0,0,80,3,legacy_unknown
,2026-08-17,2026-08-18,131211,足立区,tennyu,転入届,手数料,0,0,80,3,legacy_unknown
,2026-08-17,2026-08-17,131211,足立区,tennyu,転入届,期限,20,1,80,3,legacy_unknown
,2026-08-17,2026-08-18,131211,足立区,tennyu,転入届,期限,20,1,80,3,legacy_unknown
,2026-08-17,2026-08-17,131211,足立区,tennyu,転入届,窓口/オンライン可否,20,1,80,3,legacy_unknown
,2026-08-17,2026-08-18,131211,足立区,tennyu,転入届,窓口/オンライン可否,20,1,80,3,legacy_unknown
,2026-08-17,2026-08-17,131229,葛飾区,jidouteate,児童手当の申請,オンライン明示,0,0,0,1,legacy_unknown
,2026-08-17,2026-08-18,131229,葛飾区,jidouteate,児童手当の申請,オンライン明示,0,0,0,1,legacy_unknown
,2026-08-17,2026-08-17,131229,葛飾区,jidouteate,児童手当の申請,必要書類,0,0,0,1,legacy_unknown
,2026-08-17,2026-08-18,131229,葛飾区,jidouteate,児童手当の申請,必要書類,0,0,0,1,legacy_unknown
,2026-08-17,2026-08-17,131229,葛飾区,jidouteate,児童手当の申請,手数料,0,0,0,1,legacy_unknown
,2026-08-17,2026-08-18,131229,葛飾区,jidouteate,児童手当の申請,手数料,0,0,0,1,legacy_unknown
,2026-08-17,2026-08-17,131229,葛飾区,jidouteate,児童手当の申請,期限,0,0,0,1,legacy_unknown
,2026-08-17,2026-08-18,131229,葛飾区,jidouteate,児童手当の申請,期限,0,0,0,1,legacy_unknown
,2026-08-17,2026-08-17,131229,葛飾区,jidouteate,児童手当の申請,窓口/オンライン可否,0,0,0,1,legacy_unknown
,2026-08-17,2026-08-18,131229,葛飾区,jidouteate,児童手当の申請,窓口/オンライン可否,0,0,0,1,legacy_unknown
,2026-08-17,2026-08-17,131229,葛飾区,sodaigomi,粗大ごみ収集の申込,オンライン明示,20,1,40,2,legacy_unknown
,2026-08-17,2026-08-18,131229,葛飾区,sodaigomi,粗大ごみ収集の申込,オンライン明示,20,1,40,2,legacy_unknown
,2026-08-17,2026-08-17,131229,葛飾区,sodaigomi,粗大ごみ収集の申込,必要書類,0,0,40,2,legacy_unknown
,2026-08-17,2026-08-18,131229,葛飾区,sodaigomi,粗大ごみ収集の申込,必要書類,0,0,40,2,legacy_unknown
,2026-08-17,2026-08-17,131229,葛飾区,sodaigomi,粗大ごみ収集の申込,手数料,0,0,40,2,legacy_unknown
,2026-08-17,2026-08-18,131229,葛飾区,sodaigomi,粗大ごみ収集の申込,手数料,0,0,40,2,legacy_unknown
,2026-08-17,2026-08-17,131229,葛飾区,sodaigomi,粗大ごみ収集の申込,期限,0,0,40,2,legacy_unknown
,2026-08-17,2026-08-18,131229,葛飾区,sodaigomi,粗大ごみ収集の申込,期限,0,0,40,2,legacy_unknown
,2026-08-17,2026-08-17,131229,葛飾区,sodaigomi,粗大ごみ収集の申込,窓口/オンライン可否,20,1,40,2,legacy_unknown
,2026-08-17,2026-08-18,131229,葛飾区,sodaigomi,粗大ごみ収集の申込,窓口/オンライン可否,20,1,40,2,legacy_unknown
,2026-08-17,2026-08-17,131229,葛飾区,tennyu,転入届,オンライン明示,0,0,60,3,legacy_unknown
,2026-08-17,2026-08-18,131229,葛飾区,tennyu,転入届,オンライン明示,0,0,60,3,legacy_unknown
,2026-08-17,2026-08-17,131229,葛飾区,tennyu,転入届,必要書類,20,1,60,3,legacy_unknown
,2026-08-17,2026-08-18,131229,葛飾区,tennyu,転入届,必要書類,20,1,60,3,legacy_unknown
,2026-08-17,2026-08-17,131229,葛飾区,tennyu,転入届,手数料,0,0,60,3,legacy_unknown
,2026-08-17,2026-08-18,131229,葛飾区,tennyu,転入届,手数料,0,0,60,3,legacy_unknown
,2026-08-17,2026-08-17,131229,葛飾区,tennyu,転入届,期限,20,1,60,3,legacy_unknown
,2026-08-17,2026-08-18,131229,葛飾区,tennyu,転入届,期限,20,1,60,3,legacy_unknown
,2026-08-17,2026-08-17,131229,葛飾区,tennyu,転入届,窓口/オンライン可否,20,1,60,3,legacy_unknown
,2026-08-17,2026-08-18,131229,葛飾区,tennyu,転入届,窓口/オンライン可否,20,1,60,3,legacy_unknown
,2026-08-17,2026-08-17,131237,江戸川区,jidouteate,児童手当の申請,オンライン明示,10,0,70,3,legacy_unknown
,2026-08-17,2026-08-18,131237,江戸川区,jidouteate,児童手当の申請,オンライン明示,10,0,70,3,legacy_unknown
,2026-08-17,2026-08-17,131237,江戸川区,jidouteate,児童手当の申請,必要書類,20,1,70,3,legacy_unknown
,2026-08-17,2026-08-18,131237,江戸川区,jidouteate,児童手当の申請,必要書類,20,1,70,3,legacy_unknown
,2026-08-17,2026-08-17,131237,江戸川区,jidouteate,児童手当の申請,手数料,0,0,70,3,legacy_unknown
,2026-08-17,2026-08-18,131237,江戸川区,jidouteate,児童手当の申請,手数料,0,0,70,3,legacy_unknown
,2026-08-17,2026-08-17,131237,江戸川区,jidouteate,児童手当の申請,期限,20,1,70,3,legacy_unknown
,2026-08-17,2026-08-18,131237,江戸川区,jidouteate,児童手当の申請,期限,20,1,70,3,legacy_unknown
,2026-08-17,2026-08-17,131237,江戸川区,jidouteate,児童手当の申請,窓口/オンライン可否,20,1,70,3,legacy_unknown
,2026-08-17,2026-08-18,131237,江戸川区,jidouteate,児童手当の申請,窓口/オンライン可否,20,1,70,3,legacy_unknown
,2026-08-17,2026-08-17,131237,江戸川区,sodaigomi,粗大ごみ収集の申込,オンライン明示,0,0,0,,legacy_unknown
,2026-08-17,2026-08-18,131237,江戸川区,sodaigomi,粗大ごみ収集の申込,オンライン明示,0,0,0,,legacy_unknown
,2026-08-17,2026-08-17,131237,江戸川区,sodaigomi,粗大ごみ収集の申込,必要書類,0,0,0,,legacy_unknown
,2026-08-17,2026-08-18,131237,江戸川区,sodaigomi,粗大ごみ収集の申込,必要書類,0,0,0,,legacy_unknown
,2026-08-17,2026-08-17,131237,江戸川区,sodaigomi,粗大ごみ収集の申込,手数料,0,0,0,,legacy_unknown
,2026-08-17,2026-08-18,131237,江戸川区,sodaigomi,粗大ごみ収集の申込,手数料,0,0,0,,legacy_unknown
,2026-08-17,2026-08-17,131237,江戸川区,sodaigomi,粗大ごみ収集の申込,期限,0,0,0,,legacy_unknown
,2026-08-17,2026-08-18,131237,江戸川区,sodaigomi,粗大ごみ収集の申込,期限,0,0,0,,legacy_unknown
,2026-08-17,2026-08-17,131237,江戸川区,sodaigomi,粗大ごみ収集の申込,窓口/オンライン可否,0,0,0,,legacy_unknown
,2026-08-17,2026-08-18,131237,江戸川区,sodaigomi,粗大ごみ収集の申込,窓口/オンライン可否,0,0,0,,legacy_unknown
,2026-08-17,2026-08-17,131237,江戸川区,tennyu,転入届,オンライン明示,20,1,80,3,legacy_unknown
,2026-08-17,2026-08-18,131237,江戸川区,tennyu,転入届,オンライン明示,20,1,80,3,legacy_unknown
,2026-08-17,2026-08-17,131237,江戸川区,tennyu,転入届,必要書類,20,1,80,3,legacy_unknown
,2026-08-17,2026-08-18,131237,江戸川区,tennyu,転入届,必要書類,20,1,80,3,legacy_unknown
,2026-08-17,2026-08-17,131237,江戸川区,tennyu,転入届,手数料,0,0,80,3,legacy_unknown
,2026-08-17,2026-08-18,131237,江戸川区,tennyu,転入届,手数料,0,0,80,3,legacy_unknown
,2026-08-17,2026-08-17,131237,江戸川区,tennyu,転入届,期限,20,1,80,3,legacy_unknown
,2026-08-17,2026-08-18,131237,江戸川区,tennyu,転入届,期限,20,1,80,3,legacy_unknown
,2026-08-17,2026-08-17,131237,江戸川区,tennyu,転入届,窓口/オンライン可否,20,1,80,3,legacy_unknown
,2026-08-17,2026-08-18,131237,江戸川区,tennyu,転入届,窓口/オンライン可否,20,1,80,3,legacy_unknown
