"サイト","ページ","質問","アクセス回数","対応情報あり","対応情報なし","最初","最後"
"aidoku-gatekeeper.shoujiki-panman.workers.dev","/web/data/scores-tennyu.json","","2","0","0","2026-09-09T00:22:48.464Z","2026-09-09T00:29:39.802Z"
"aidoku-gatekeeper.shoujiki-panman.workers.dev","/web/data/scores-jidouteate.json","","1","0","0","2026-09-09T00:29:38.963Z","2026-09-09T00:29:38.963Z"
"aidoku-gatekeeper.shoujiki-panman.workers.dev","/web/data/scores-sodaigomi.json","","1","0","0","2026-09-09T00:29:36.351Z","2026-09-09T00:29:36.351Z"
"aidoku-gatekeeper.shoujiki-panman.workers.dev","/web/assets/board.js","","1","0","0","2026-09-09T00:29:06.044Z","2026-09-09T00:29:06.044Z"
"aidoku-gatekeeper.shoujiki-panman.workers.dev","/web/board.html","","1","0","0","2026-09-09T00:28:50.814Z","2026-09-09T00:28:50.814Z"
"aidoku-gatekeeper.shoujiki-panman.workers.dev","/web/assets/fix.js","","1","0","0","2026-09-09T00:25:22.403Z","2026-09-09T00:25:22.403Z"
"aidoku-gatekeeper.shoujiki-panman.workers.dev","/web/ask-ai-button.js","","1","0","0","2026-09-09T00:25:18.735Z","2026-09-09T00:25:18.735Z"
"aidoku-gatekeeper.shoujiki-panman.workers.dev","/web/fix.html","","1","0","0","2026-09-09T00:25:02.651Z","2026-09-09T00:25:02.651Z"
"aidoku-gatekeeper.shoujiki-panman.workers.dev","/web/data/journeys.json","","1","0","0","2026-09-09T00:22:45.338Z","2026-09-09T00:22:45.338Z"
"aidoku-gatekeeper.shoujiki-panman.workers.dev","/web/data/procedures.json","","1","0","0","2026-09-09T00:22:11.155Z","2026-09-09T00:22:11.155Z"
"aidoku-gatekeeper.shoujiki-panman.workers.dev","/web/assets/app.js","","1","0","0","2026-09-09T00:21:25.280Z","2026-09-09T00:21:25.280Z"
"aidoku-gatekeeper.shoujiki-panman.workers.dev","/web/assets/lookup.js","","1","0","0","2026-09-09T00:21:16.045Z","2026-09-09T00:21:16.045Z"
"aidoku-gatekeeper.shoujiki-panman.workers.dev","/web/index.html","","1","0","0","2026-09-09T00:20:57.460Z","2026-09-09T00:20:57.460Z"
